Year,Rank,Rider,Team,TotalSeconds,GapSeconds
2010,1,ANDY SCHLECK,TEAM SAXO BANK,331167,0
2010,2,SAMUEL SANCHEZ,EUSKALTEL - EUSKADI,331348,181
2010,3,JURGEN VAN DEN BROECK,OMEGA PHARMA - LOTTO,331542,375
2010,5,ROBERT GESINK,RABOBANK,331699,532
2010,6,RYDER HESJEDAL,GARMIN - TRANSITIONS,331743,576
2010,7,JOAQUIN RODRIGUEZ OLIVER,KATUSHA TEAM,331825,658
2010,8,ROMAN KREUZIGER,LIQUIGAS-DOIMO,331842,675
2010,9,CHRISTOPHER HORNER,TEAM RADIOSHACK,331850,683
2010,10,LUIS LEON SANCHEZ,CAISSE D'EPARGNE,331989,822
2010,11,RUBEN PLAZA MOLINA,CAISSE D'EPARGNE,331997,830
2010,12,LEVI LEIPHEIMER,TEAM RADIOSHACK,332008,841
2010,13,ANDREAS KLÖDEN,TEAM RADIOSHACK,332124,957
2010,14,NICOLAS ROCHE,AG2R LA MONDIALE,332147,980
2010,15,ALEXANDRE VINOKOUROV,ASTANA,332194,1027
2010,16,THOMAS LÖVKVIST,SKY PRO CYCLING,332374,1207
2010,17,KEVIN DE WEERT,QUICK STEP,332442,1275
2010,18,JOHN GADRET,AG2R LA MONDIALE,332572,1405
2010,19,CARLOS SASTRE,CERVELO TEST TEAM,332725,1558
2010,21,DANIEL MORENO FERNANDEZ,OMEGA PHARMA - LOTTO,332906,1739
2010,22,CHRISTOPHE MOREAU,CAISSE D'EPARGNE,333169,2002
2010,24,BRADLEY WIGGINS,SKY PRO CYCLING,333492,2325
2010,25,SANDY CASAR,FDJ,333880,2713
2010,26,CADEL EVANS,BMC RACING TEAM,334155,2988
2010,27,JULIEN EL FARES,COFIDIS LE CREDIT EN LIGNE,334330,3163
2010,28,CHRISTOPHE RIBLON,AG2R LA MONDIALE,334441,3274
2010,29,DAMIANO CUNEGO,LAMPRE - FARNESE,334541,3374
2010,30,JOHAN VAN SUMMEREN,GARMIN - TRANSITIONS,334661,3494
2010,31,SYLVAIN CHAVANEL,QUICK STEP,334685,3518
2010,32,IVAN BASSO,LIQUIGAS-DOIMO,334701,3534
2010,33,MARIO AERTS,OMEGA PHARMA - LOTTO,334884,3717
2010,34,VOLODYMIR GUSTOV,CERVELO TEST TEAM,335319,4152
2010,35,JUAN MANUEL GARATE,RABOBANK,335331,4164
2010,36,GORKA VERDUGO,EUSKALTEL - EUSKADI,335337,4170
2010,37,MICHAEL ROGERS,TEAM HTC - COLUMBIA,335339,4172
2010,38,RÉMI PAURIOL,COFIDIS LE CREDIT EN LIGNE,335380,4213
2010,39,KANSTANTSIN SIUTSOU,TEAM HTC - COLUMBIA,335527,4360
2010,40,EGOI MARTINEZ,EUSKALTEL - EUSKADI,335877,4710
2010,42,CHRISTOPHE LE MEVEL,FDJ,336086,4919
2010,43,JANEZ BRAJKOVIC,TEAM RADIOSHACK,336134,4967
2010,44,ANTHONY CHARTEAU,BBOX BOUYGUES TELECOM,336180,5013
2010,45,CYRIL GAUTIER,BBOX BOUYGUES TELECOM,336240,5073
2010,46,SERGIO MIGUEL MOREIRA PAULINHO,TEAM RADIOSHACK,336271,5104
2010,47,MATTHEW LLOYD,OMEGA PHARMA - LOTTO,336530,5363
2010,48,JOSÉ IVAN GUTIERREZ PALACIOS,CAISSE D'EPARGNE,337034,5867
2010,49,DANIEL NAVARRO GARCIA,ASTANA,337038,5871
2010,50,JAKOB FUGLSANG,TEAM SAXO BANK,337040,5873
2010,51,STEVE MORABITO,BMC RACING TEAM,337079,5912
2010,52,KOOS MOERENHOUT,RABOBANK,337173,6006
2010,53,RAFAEL VALLS,FOOTON-SERVETTO,337275,6108
2010,54,PAOLO TIRALONGO,ASTANA,337429,6262
2010,55,MAXIME MONFORT,TEAM HTC - COLUMBIA,337429,6262
2010,56,GRISCHA NIERMANN,RABOBANK,337520,6353
2010,57,PIERRICK FEDRIGO,BBOX BOUYGUES TELECOM,337525,6358
2010,58,PIERRE ROLLAND,BBOX BOUYGUES TELECOM,337530,6363
2010,59,GEORGE HINCAPIE,BMC RACING TEAM,337538,6371
2010,60,VASILI KIRYIENKA,CAISSE D'EPARGNE,337602,6435
2010,61,SYLVESTER SZMYD,LIQUIGAS-DOIMO,337610,6443
2010,62,IVAN VELASCO,EUSKALTEL - EUSKADI,337725,6558
2010,63,JURGEN VAN DE WALLE,QUICK STEP,337821,6654
2010,64,MATHIEU PERGET,CAISSE D'EPARGNE,337947,6780
2010,65,ALEXANDR KOLOBNEV,KATUSHA TEAM,338041,6874
2010,66,JÉRÔME PINEAU,QUICK STEP,338206,7039
2010,67,GERAINT THOMAS,SKY PRO CYCLING,338333,7166
2010,68,JOSÉ ROJAS,CAISSE D'EPARGNE,338446,7279
2010,69,CHRIS ANKER SORENSEN,TEAM SAXO BANK,338614,7447
2010,70,AMAEL MOINARD,COFIDIS LE CREDIT EN LIGNE,338638,7471
2010,71,DAMIEN MONIER,COFIDIS LE CREDIT EN LIGNE,338901,7734
2010,72,FRANCIS DE GREEF,OMEGA PHARMA - LOTTO,339070,7903
2010,73,RUI COSTA,CAISSE D'EPARGNE,339076,7909
2010,74,THOMAS ROHREGGER,TEAM MILRAM,339105,7938
2010,75,MARTIN ELMIGER,AG2R LA MONDIALE,339261,8094
2010,76,THOMAS VOECKLER,BBOX BOUYGUES TELECOM,339295,8128
2010,77,IMANOL ERVITI,CAISSE D'EPARGNE,339483,8316
2010,78,RÉMY DI GREGORIO,FDJ,339622,8455
2010,79,EDUARD VORGANOV,KATUSHA TEAM,339967,8800
2010,80,SEBASTIAN LANG,OMEGA PHARMA - LOTTO,340106,8939
2010,81,ARKAITZ DURAN AROCA,FOOTON-SERVETTO,340117,8950
2010,82,AITOR PEREZ ARRIETA,FOOTON-SERVETTO,340265,9098
2010,83,EROS CAPECCHI,FOOTON-SERVETTO,340406,9239
2010,84,LINUS GERDEMANN,TEAM MILRAM,340503,9336
2010,85,YAROSLAV POPOVYCH,TEAM RADIOSHACK,340604,9437
2010,86,ALIAKSANDR KUSCHYNSKI,LIQUIGAS-DOIMO,340708,9541
2010,87,ALESSANDRO BALLAN,BMC RACING TEAM,340886,9719
2010,88,NICOLAS VOGONDY,BBOX BOUYGUES TELECOM,340890,9723
2010,89,JUAN ANTONIO FLECHA GIANNONI,SKY PRO CYCLING,340948,9781
2010,90,JOHANNES FRÖHLINGER,TEAM MILRAM,341291,10124
2010,91,CHRISTIAN KNEES,TEAM MILRAM,341546,10379
2010,92,SÉBASTIEN MINARD,COFIDIS LE CREDIT EN LIGNE,341598,10431
2010,93,MATTHIEU LADAGNOUS,FDJ,341664,10497
2010,94,KRISTIJAN KOREN,LIQUIGAS-DOIMO,341759,10592
2010,95,RUBEN PEREZ MORENO,EUSKALTEL - EUSKADI,341765,10598
2010,96,BENOÎT VAUGRENARD,FDJ,341813,10646
2010,97,CHRISTOPHE KERN,COFIDIS LE CREDIT EN LIGNE,341842,10675
2010,98,RINALDO NOCENTINI,AG2R LA MONDIALE,341997,10830
2010,99,MICHAËL BARRY,SKY PRO CYCLING,342022,10855
2010,100,MATTHIEU SPRICK,BBOX BOUYGUES TELECOM,342028,10861
2010,101,DAVID ZABRISKIE,GARMIN - TRANSITIONS,342036,10869
2010,102,PAVEL BRUTT,KATUSHA TEAM,342120,10953
2010,103,LUKE ROBERTS,TEAM MILRAM,342175,11008
2010,104,BENJAMIN NOVAL GONZALEZ,ASTANA,342250,11083
2010,105,FRANCESCO GAVAZZI,LAMPRE - FARNESE,342332,11165
2010,106,MAXIME BOUET,AG2R LA MONDIALE,342388,11221
2010,107,SERGE PAUWELS,SKY PRO CYCLING,342456,11289
2010,108,ALEXANDR PLIUSCHIN,KATUSHA TEAM,342473,11306
2010,109,SERGUEI IVANOV,KATUSHA TEAM,342478,11311
2010,110,DAVID DE LA FUENTE,ASTANA,342592,11425
2010,111,THOR HUSHOVD,CERVELO TEST TEAM,342705,11538
2010,112,YUKIYA ARASHIRO,BBOX BOUYGUES TELECOM,342728,11561
2010,113,SÉBASTIEN TURGOT,BBOX BOUYGUES TELECOM,342773,11606
2010,114,GREGORY RAST,TEAM RADIOSHACK,342779,11612
2010,115,INAKI ISASI,EUSKALTEL - EUSKADI,342798,11631
2010,116,EDVALD BOASSON-HAGEN,SKY PRO CYCLING,342825,11658
2010,117,MAARTEN WYNANTS,QUICK STEP,342847,11680
2010,118,LLOYD MONDORY,AG2R LA MONDIALE,342908,11741
2010,119,FABIAN WEGMANN,TEAM MILRAM,343001,11834
2010,120,JURGEN ROELANDTS,OMEGA PHARMA - LOTTO,343035,11868
2010,121,FABIAN CANCELLARA,TEAM SAXO BANK,343111,11944
2010,122,FRANCESCO BELLOTTI,LIQUIGAS-DOIMO,343154,11987
2010,123,MAURO DA DALTO,LAMPRE - FARNESE,343237,12070
2010,124,DANIEL OSS,LIQUIGAS-DOIMO,343267,12100
2010,125,GREGA BOLE,LAMPRE - FARNESE,343315,12148
2010,126,JENS VOIGT,TEAM SAXO BANK,343339,12172
2010,127,IGNATAS KONOVALOVAS,CERVELO TEST TEAM,343344,12177
2010,128,BRIAN VANDBORG,LIQUIGAS-DOIMO,343385,12218
2010,129,ALAN PEREZ LEZAUN,EUSKALTEL - EUSKADI,343418,12251
2010,130,LARS BOOM,RABOBANK,343506,12339
2010,131,MAXIM IGLINSKIY,ASTANA,343516,12349
2010,132,MAARTEN TJALLINGII,RABOBANK,343578,12411
2010,133,GERALD CIOLEK,TEAM MILRAM,343584,12417
2010,134,KEVIN SEELDRAYERS,QUICK STEP,343669,12502
2010,135,DANILO HONDO,LAMPRE - FARNESE,343680,12513
2010,136,ANDREY GRIVKO,ASTANA,343734,12567
2010,137,TONY MARTIN,TEAM HTC - COLUMBIA,343798,12631
2010,138,KARSTEN KROON,BMC RACING TEAM,343826,12659
2010,139,MARTIJN MAASKANT,GARMIN - TRANSITIONS,343844,12677
2010,140,JESUS ALBERTO HERNANDEZ BLAZQUEZ,ASTANA,343850,12683
2010,141,OSCAR FREIRE,RABOBANK,343953,12786
2010,142,MATTI BRESCHEL,TEAM SAXO BANK,344059,12892
2010,143,JÉRÉMY ROY,FDJ,344205,13038
2010,144,DRIES DEVENYNS,QUICK STEP,344244,13077
2010,145,JOSÉ-ALBERTO BENITEZ,FOOTON-SERVETTO,344280,13113
2010,146,ANTHONY GESLIN,FDJ,344305,13138
2010,147,BRENT BOOKWALTER,BMC RACING TEAM,344425,13258
2010,148,DMITRIY MURAVYEV,TEAM RADIOSHACK,344435,13268
2010,149,STUART O'GRADY,TEAM SAXO BANK,344487,13320
2010,150,ALESSANDRO PETACCHI,LAMPRE - FARNESE,344606,13439
2010,151,STEPHEN CUMMINGS,SKY PRO CYCLING,344675,13508
2010,152,WESLEY SULZBERGER,FDJ,344747,13580
2010,153,STÉPHANE AUGE,COFIDIS LE CREDIT EN LIGNE,344918,13751
2010,154,MARK CAVENDISH,TEAM HTC - COLUMBIA,345011,13844
2010,155,NICKI SORENSEN,TEAM SAXO BANK,345180,14013
2010,156,BERNHARD EISEL,TEAM HTC - COLUMBIA,345184,14017
2010,157,JULIAN DEAN,GARMIN - TRANSITIONS,345301,14134
2010,158,DAVID MILLAR,GARMIN - TRANSITIONS,345334,14167
2010,159,BRETT DANIEL LANCASTER,CERVELO TEST TEAM,345348,14181
2010,160,DIMITRI CHAMPION,AG2R LA MONDIALE,345513,14346
2010,161,MARCUS BURGHARDT,BMC RACING TEAM,345575,14408
2010,162,MANUEL QUINZIATO,LIQUIGAS-DOIMO,345590,14423
2010,163,JÉRÉMY HUNT,CERVELO TEST TEAM,345669,14502
2010,164,DANIEL LLOYD,CERVELO TEST TEAM,345707,14540
2010,165,ROBBIE MC EWEN,KATUSHA TEAM,346036,14869
2010,166,MIRCO LORENZETTO,LAMPRE - FARNESE,346080,14913
2010,167,ANTHONY ROUX,FDJ,346345,15178
2010,168,ANDREAS KLIER,CERVELO TEST TEAM,346564,15397
2010,169,BERT GRABSCH,TEAM HTC - COLUMBIA,346909,15742
2010,170,ADRIANO MALORI,LAMPRE - FARNESE,347151,15984
2011,1,CADEL EVANS,BMC RACING TEAM,310342,0
2011,2,ANDY SCHLECK,TEAM LEOPARD-TREK,310436,94
2011,3,FRANK SCHLECK,TEAM LEOPARD-TREK,310492,150
2011,4,THOMAS VOECKLER,TEAM EUROPCAR,310542,200
2011,5,SAMUEL SANCHEZ,EUSKALTEL - EUSKADI,310637,295
2011,6,DAMIANO CUNEGO,LAMPRE - ISD,310707,365
2011,7,IVAN BASSO,LIQUIGAS-CANNONDALE,310785,443
2011,8,THOMAS DANIELSON,TEAM GARMIN - CERVELO,310837,495
2011,9,JEAN-CHRISTOPHE PÉRAUD,AG2R LA MONDIALE,310953,611
2011,10,PIERRE ROLLAND,TEAM EUROPCAR,310985,643
2011,11,REIN TAARAMÄE,COFIDIS LE CREDIT EN LIGNE,311031,689
2011,12,KEVIN DE WEERT,QUICK STEP CYCLING TEAM,311331,989
2011,13,JÉRÔME COPPEL,SAUR-SOJASUN,311458,1116
2011,14,ARNOLD JEANNESSON,FDJ,311622,1280
2011,15,HAIMAR ZUBELDIA,TEAM RADIOSHACK,311925,1583
2011,16,CHRISTIAN VANDE VELDE,TEAM GARMIN - CERVELO,311974,1632
2011,17,RYDER HESJEDAL,TEAM GARMIN - CERVELO,311976,1634
2011,18,PETER VELITS,HTC - HIGHROAD,312076,1734
2011,19,JELLE VANENDERT,OMEGA PHARMA - LOTTO,312303,1961
2011,20,ROB RUIJGH,VACANSOLEIL-DCM,312326,1984
2011,22,HUBERT DUPONT,AG2R LA MONDIALE,312556,2214
2011,23,VLADIMIR GUSEV,KATUSHA TEAM,312888,2546
2011,24,RIGOBERTO URAN,SKY PROCYCLING,312910,2568
2011,25,GORKA VERDUGO,EUSKALTEL - EUSKADI,312928,2586
2011,26,NICOLAS ROCHE,AG2R LA MONDIALE,313125,2783
2011,27,SANDY CASAR,FDJ,313370,3028
2011,28,VLADIMIR KARPETS,KATUSHA TEAM,313487,3145
2011,29,MAXIME MONFORT,TEAM LEOPARD-TREK,313538,3196
2011,30,YURY TROFIMOV,KATUSHA TEAM,313748,3406
2011,31,GERAINT THOMAS,SKY PROCYCLING,313990,3648
2011,32,LEVI LEIPHEIMER,TEAM RADIOSHACK,314180,3838
2011,33,ROBERT GESINK,RABOBANK CYCLING TEAM,314251,3909
2011,34,EGOI MARTINEZ,EUSKALTEL - EUSKADI,314450,4108
2011,36,DAVID ARROYO DURAN,MOVISTAR TEAM,314822,4480
2011,37,CHRIS ANKER SORENSEN,SAXO BANK SUNGARD,314824,4482
2011,38,PHILIPPE GILBERT,OMEGA PHARMA - LOTTO,314833,4491
2011,39,RÉMY DI GREGORIO,PRO TEAM ASTANA,315266,4924
2011,40,JULIEN EL FARES,COFIDIS LE CREDIT EN LIGNE,315403,5061
2011,41,DAVID MONCOUTIE,COFIDIS LE CREDIT EN LIGNE,315467,5125
2011,42,SYLVESTER SZMYD,LIQUIGAS-CANNONDALE,315479,5137
2011,43,CYRIL GAUTIER,TEAM EUROPCAR,315605,5263
2011,44,TONY MARTIN,HTC - HIGHROAD,315798,5456
2011,45,ANDREY ZEITS,PRO TEAM ASTANA,315850,5508
2011,46,DRIES DEVENYNS,QUICK STEP CYCLING TEAM,315988,5646
2011,47,YANNICK TALABARDON,SAUR-SOJASUN,316033,5691
2011,48,XABIER ZANDIO ECHAIDE,SKY PROCYCLING,316060,5718
2011,49,STEVE MORABITO,BMC RACING TEAM,316219,5877
2011,50,JAKOB FUGLSANG,TEAM LEOPARD-TREK,316340,5998
2011,51,CHRISTOPHE RIBLON,AG2R LA MONDIALE,316569,6227
2011,52,ANTHONY CHARTEAU,TEAM EUROPCAR,316571,6229
2011,53,EDVALD BOASSON-HAGEN,SKY PROCYCLING,316621,6279
2011,54,JÉRÔME PINEAU,QUICK STEP CYCLING TEAM,316623,6281
2011,55,MAXIME BOUET,AG2R LA MONDIALE,316627,6285
2011,56,GEORGE HINCAPIE,BMC RACING TEAM,316658,6316
2011,57,LUIS LEON SANCHEZ,RABOBANK CYCLING TEAM,316711,6369
2011,58,LAURENS TEN DAM,RABOBANK CYCLING TEAM,316764,6422
2011,59,DAVID LOOSLI,LAMPRE - ISD,317010,6668
2011,60,LINUS GERDEMANN,TEAM LEOPARD-TREK,317021,6679
2011,61,SYLVAIN CHAVANEL,QUICK STEP CYCLING TEAM,317083,6741
2011,62,DANIEL NAVARRO GARCIA,SAXO BANK SUNGARD,317144,6802
2011,63,THOMAS DE GENDT,VACANSOLEIL-DCM,317193,6851
2011,64,CHRISTIAN KNEES,SKY PROCYCLING,317314,6972
2011,65,AMAEL MOINARD,BMC RACING TEAM,317465,7123
2011,66,GORKA IZAGIRRE INSAUSTI,EUSKALTEL - EUSKADI,317529,7187
2011,67,JENS VOIGT,TEAM LEOPARD-TREK,317538,7196
2011,68,THOR HUSHOVD,TEAM GARMIN - CERVELO,317737,7395
2011,69,MACIEJ PATERSKI,LIQUIGAS-CANNONDALE,317778,7436
2011,70,BAUKE MOLLEMA,RABOBANK CYCLING TEAM,317937,7595
2011,71,GRISCHA NIERMANN,RABOBANK CYCLING TEAM,317988,7646
2011,72,RICHIE PORTE,SAXO BANK SUNGARD,318106,7764
2011,73,EGOR SILIN,KATUSHA TEAM,318147,7805
2011,74,JOHNNY HOOGERLAND,VACANSOLEIL-DCM,318253,7911
2011,75,RUBEN PEREZ MORENO,EUSKALTEL - EUSKADI,318290,7948
2011,76,DAVID MILLAR,TEAM GARMIN - CERVELO,318438,8096
2011,77,GIANNI MEERSMAN,FDJ,318589,8247
2011,78,STUART O'GRADY,TEAM LEOPARD-TREK,318620,8278
2011,79,TONY GALLOPIN,COFIDIS LE CREDIT EN LIGNE,318641,8299
2011,80,JOSÉ ROJAS,MOVISTAR TEAM,318916,8574
2011,81,SERGIO MIGUEL MOREIRA PAULINHO,TEAM RADIOSHACK,319011,8669
2011,82,TEJAY VAN GARDEREN,HTC - HIGHROAD,319091,8749
2011,83,IVAN SANTAROMITA,BMC RACING TEAM,319174,8832
2011,84,MARKEL IRIZAR ARRANBURU,TEAM RADIOSHACK,319175,8833
2011,85,JURGEN ROELANDTS,OMEGA PHARMA - LOTTO,319190,8848
2011,86,JÉRÉMY ROY,FDJ,319249,8907
2011,87,KRISTIJAN KOREN,LIQUIGAS-CANNONDALE,319306,8964
2011,88,IMANOL ERVITI,MOVISTAR TEAM,319329,8987
2011,89,MARCO MARCATO,VACANSOLEIL-DCM,319351,9009
2011,90,RUI COSTA,MOVISTAR TEAM,319436,9094
2011,91,ADRIANO MALORI,LAMPRE - ISD,319449,9107
2011,92,JESUS ALBERTO HERNANDEZ BLAZQUEZ,SAXO BANK SUNGARD,319462,9120
2011,93,MATTEO BONO,LAMPRE - ISD,319687,9345
2011,94,ALAN PEREZ LEZAUN,EUSKALTEL - EUSKADI,319716,9374
2011,95,NICKI SORENSEN,SAXO BANK SUNGARD,319728,9386
2011,96,SIMON GERRANS,SKY PROCYCLING,319787,9445
2011,97,JONATHAN HIVERT,SAUR-SOJASUN,319799,9457
2011,98,JUAN ANTONIO FLECHA GIANNONI,SKY PROCYCLING,320006,9664
2011,99,MAARTEN TJALLINGII,RABOBANK CYCLING TEAM,320043,9701
2011,100,DANIEL OSS,LIQUIGAS-CANNONDALE,320369,10027
2011,101,ANTHONY ROUX,FDJ,320411,10069
2011,102,JOSÉ IVAN GUTIERREZ PALACIOS,MOVISTAR TEAM,320505,10163
2011,103,MICHAEL SCHÄR,BMC RACING TEAM,320519,10177
2011,104,ARTHUR VICHOT,FDJ,320531,10189
2011,105,MAXIM IGLINSKIY,PRO TEAM ASTANA,320772,10430
2011,106,DMITRIY FOFONOV,PRO TEAM ASTANA,320781,10439
2011,107,ALESSANDRO PETACCHI,LAMPRE - ISD,320802,10460
2011,108,JOOST POSTHUMA,TEAM LEOPARD-TREK,320867,10525
2011,109,DANILO HONDO,LAMPRE - ISD,321142,10800
2011,110,SÉBASTIEN MINARD,AG2R LA MONDIALE,321146,10804
2011,111,SÉBASTIEN HINAULT,AG2R LA MONDIALE,321186,10844
2011,112,ROMAN KREUZIGER,PRO TEAM ASTANA,321201,10859
2011,113,SEBASTIAN LANG,OMEGA PHARMA - LOTTO,321253,10911
2011,114,BRENT BOOKWALTER,BMC RACING TEAM,321369,11027
2011,115,MANUEL QUINZIATO,BMC RACING TEAM,321429,11087
2011,116,BENJAMIN NOVAL GONZALEZ,SAXO BANK SUNGARD,321531,11189
2011,117,BLEL KADRI,AG2R LA MONDIALE,321569,11227
2011,118,TRISTAN VALENTIN,COFIDIS LE CREDIT EN LIGNE,321572,11230
2011,119,FABIAN CANCELLARA,TEAM LEOPARD-TREK,321593,11251
2011,120,SÉBASTIEN TURGOT,TEAM EUROPCAR,321656,11314
2011,121,LEONARDO DUQUE,COFIDIS LE CREDIT EN LIGNE,321663,11321
2011,122,LAURENT MANGEL,SAUR-SOJASUN,321761,11419
2011,123,MATTEO TOSATTO,SAXO BANK SUNGARD,321778,11436
2011,124,FABRICE JEANDESBOZ,SAUR-SOJASUN,321849,11507
2011,125,BRIAN VANDBORG,SAXO BANK SUNGARD,321965,11623
2011,126,PAOLO LONGO BORGHINI,LIQUIGAS-CANNONDALE,321966,11624
2011,127,GREGA BOLE,LAMPRE - ISD,321997,11655
2011,128,LIEUWE WESTRA,VACANSOLEIL-DCM,321997,11655
2011,129,DMITRIY MURAVYEV,TEAM RADIOSHACK,322011,11669
2011,130,MARK CAVENDISH,HTC - HIGHROAD,322047,11705
2011,131,MICKAËL BUFFAZ,COFIDIS LE CREDIT EN LIGNE,322054,11712
2011,132,MICKAEL DELAGE,FDJ,322081,11739
2011,133,ALESSANDRO VANOTTI,LIQUIGAS-CANNONDALE,322102,11760
2011,134,NIKI TERPSTRA,QUICK STEP CYCLING TEAM,322140,11798
2011,135,ANTHONY DELAPLACE,SAUR-SOJASUN,322160,11818
2011,136,BORUT BOZIC,VACANSOLEIL-DCM,322173,11831
2011,137,BEN SWIFT,SKY PROCYCLING,322229,11887
2011,138,JEREMIE GALLAND,SAUR-SOJASUN,322328,11986
2011,139,FRANCISCO VENTOSO,MOVISTAR TEAM,322344,12002
2011,140,TOMAS VAITKUS,PRO TEAM ASTANA,322349,12007
2011,141,MARCEL SIEBERG,OMEGA PHARMA - LOTTO,322441,12099
2011,142,MATTHEW HARLEY GOSS,HTC - HIGHROAD,322494,12152
2011,143,MACIEJ BODNAR,LIQUIGAS-CANNONDALE,322552,12210
2011,144,ANDREY GRIVKO,PRO TEAM ASTANA,322724,12382
2011,145,JULIAN DEAN,TEAM GARMIN - CERVELO,322822,12480
2011,146,ADDY ENGELS,QUICK STEP CYCLING TEAM,322886,12544
2011,147,MIKHAIL IGNATYEV,KATUSHA TEAM,322889,12547
2011,148,ARNAUD COYOT,SAUR-SOJASUN,322902,12560
2011,149,PABLO URTASUN PEREZ,EUSKALTEL - EUSKADI,322959,12617
2011,150,GERALD CIOLEK,QUICK STEP CYCLING TEAM,322964,12622
2011,151,PERRIG QUEMENEUR,TEAM EUROPCAR,322977,12635
2011,152,ROMAIN ZINGLE,COFIDIS LE CREDIT EN LIGNE,323032,12690
2011,153,DENYS KOSTYUK,LAMPRE - ISD,323044,12702
2011,154,LARS BAK YTTING,HTC - HIGHROAD,323147,12805
2011,155,VINCENT JEROME,TEAM EUROPCAR,323219,12877
2011,156,ANDRÉ GREIPEL,OMEGA PHARMA - LOTTO,323246,12904
2011,157,RAMUNAS NAVARDAUSKAS,TEAM GARMIN - CERVELO,323355,13013
2011,158,YOHANN GENE,TEAM EUROPCAR,323435,13093
2011,159,TYLER FARRAR,TEAM GARMIN - CERVELO,323454,13112
2011,160,JIMMY ENGOULVENT,SAUR-SOJASUN,323456,13114
2011,161,BERNHARD EISEL,HTC - HIGHROAD,323538,13196
2011,162,SAMUEL DUMOULIN,COFIDIS LE CREDIT EN LIGNE,323739,13397
2011,163,MARK RENSHAW,HTC - HIGHROAD,323782,13440
2011,164,MARCUS BURGHARDT,BMC RACING TEAM,323790,13448
2011,165,DANNY PATE,HTC - HIGHROAD,323868,13526
2011,166,ANDREY AMADOR,MOVISTAR TEAM,324417,14075
2011,167,FABIO SABATINI,LIQUIGAS-CANNONDALE,324605,14263
2012,1,BRADLEY WIGGINS,SKY PROCYCLING,315287,0
2012,2,CHRIS FROOME,SKY PROCYCLING,315488,201
2012,3,VINCENZO NIBALI,LIQUIGAS-CANNONDALE,315666,379
2012,4,JURGEN VAN DEN BROECK,LOTTO-BELISOL TEAM,315902,615
2012,5,TEJAY VAN GARDEREN,BMC RACING TEAM,315951,664
2012,6,HAIMAR ZUBELDIA,RADIOSHACK-NISSAN,316228,941
2012,7,CADEL EVANS,BMC RACING TEAM,316236,949
2012,8,PIERRE ROLLAND,TEAM EUROPCAR,316273,986
2012,9,JANEZ BRAJKOVIC,ASTANA PRO TEAM,316280,993
2012,10,THIBAUT PINOT,FDJ-BIGMAT,316324,1037
2012,11,ANDREAS KLÖDEN,RADIOSHACK-NISSAN,316361,1074
2012,12,NICOLAS ROCHE,AG2R LA MONDIALE,316460,1173
2012,13,CHRISTOPHER HORNER,RADIOSHACK-NISSAN,316482,1195
2012,14,CHRIS ANKER SORENSEN,TEAM SAXO BANK-TINKOFF BANK,316814,1527
2012,16,MAXIME MONFORT,RADIOSHACK-NISSAN,316997,1710
2012,17,EGOI MARTINEZ,EUSKALTEL - EUSKADI,317193,1906
2012,18,RUI COSTA,MOVISTAR TEAM,317510,2223
2012,19,EDUARD VORGANOV,KATUSHA TEAM,317583,2296
2012,20,ALEJANDRO VALVERDE,MOVISTAR TEAM,317833,2546
2012,22,JÉRÔME COPPEL,SAUR-SOJASUN,318030,2743
2012,23,SANDY CASAR,FDJ-BIGMAT,318099,2812
2012,24,MICHAEL ROGERS,SKY PROCYCLING,318579,3292
2012,25,MICHELE SCARPONI,LAMPRE - ISD,318804,3517
2012,26,IVAN BASSO,LIQUIGAS-CANNONDALE,318871,3584
2012,27,THOMAS VOECKLER,TEAM EUROPCAR,319168,3881
2012,28,PETER VELITS,OMEGA PHARMA-QUICK STEP,319197,3910
2012,29,LAURENS TEN DAM,RABOBANK CYCLING TEAM,319226,3939
2012,30,JELLE VANENDERT,LOTTO-BELISOL TEAM,319393,4106
2012,31,JUAN JOSE COBO ACEBO,MOVISTAR TEAM,319446,4159
2012,32,ALEXANDRE VINOKOUROV,ASTANA PRO TEAM,319808,4521
2012,33,LEVI LEIPHEIMER,OMEGA PHARMA-QUICK STEP,319876,4589
2012,34,STEVEN KRUIJSWIJK,RABOBANK CYCLING TEAM,319899,4612
2012,35,RICHIE PORTE,SKY PROCYCLING,320136,4849
2012,36,DANIEL MARTIN,GARMIN-SHARP,320410,5123
2012,38,REIN TAARAMÄE,COFIDIS LE CREDIT EN LIGNE,320559,5272
2012,39,GEORGE HINCAPIE,BMC RACING TEAM,320725,5438
2012,40,GORKA IZAGIRRE INSAUSTI,EUSKALTEL - EUSKADI,320826,5539
2012,41,FREDRIK KESSIAKOFF,ASTANA PRO TEAM,320960,5673
2012,42,RAFAEL VALLS,VACANSOLEIL-DCM,321164,5877
2012,43,PETER SAGAN,LIQUIGAS-CANNONDALE,321204,5917
2012,44,ANDREY GRIVKO,ASTANA PRO TEAM,321208,5921
2012,45,JEAN-CHRISTOPHE PÉRAUD,AG2R LA MONDIALE,321331,6044
2012,46,AMAEL MOINARD,BMC RACING TEAM,321347,6060
2012,47,PHILIPPE GILBERT,BMC RACING TEAM,321382,6095
2012,48,DOMINIK NERZ,LIQUIGAS-CANNONDALE,321419,6132
2012,49,PIERRICK FEDRIGO,FDJ-BIGMAT,321446,6159
2012,50,MICHAEL SCHÄR,BMC RACING TEAM,321520,6233
2012,51,SERGIO MIGUEL MOREIRA PAULINHO,TEAM SAXO BANK-TINKOFF BANK,321721,6434
2012,52,YURY TROFIMOV,KATUSHA TEAM,321738,6451
2012,53,JENS VOIGT,RADIOSHACK-NISSAN,321928,6641
2012,54,VLADIMIR KARPETS,MOVISTAR TEAM,321990,6703
2012,55,FABRICE JEANDESBOZ,SAUR-SOJASUN,322035,6748
2012,56,MAXIME BOUET,AG2R LA MONDIALE,322037,6750
2012,57,EDVALD BOASSON-HAGEN,SKY PROCYCLING,322041,6754
2012,58,JOHNNY HOOGERLAND,VACANSOLEIL-DCM,322217,6930
2012,59,MARCUS BURGHARDT,BMC RACING TEAM,322346,7059
2012,60,DAVIDE MALACARNE,TEAM EUROPCAR,322352,7065
2012,61,CHRISTIAN VANDE VELDE,GARMIN-SHARP,322405,7118
2012,62,CYRIL GAUTIER,TEAM EUROPCAR,322422,7135
2012,63,MIKAEL CHEREL,AG2R LA MONDIALE,322480,7193
2012,64,DMITRIY FOFONOV,ASTANA PRO TEAM,322722,7435
2012,65,LUIS LEON SANCHEZ,RABOBANK CYCLING TEAM,322830,7543
2012,66,SÉBASTIEN MINARD,AG2R LA MONDIALE,322879,7592
2012,67,JÉRÉMY ROY,FDJ-BIGMAT,323104,7817
2012,68,MARCO MARCATO,VACANSOLEIL-DCM,323183,7896
2012,69,DRIES DEVENYNS,OMEGA PHARMA-QUICK STEP,323229,7942
2012,70,SIMONE STORTONI,LAMPRE - ISD,323306,8019
2012,71,KEVIN DE WEERT,OMEGA PHARMA-QUICK STEP,323316,8029
2012,72,SYLVESTER SZMYD,LIQUIGAS-CANNONDALE,323462,8175
2012,73,PIETER WEENING,ORICA GREENEDGE,323537,8250
2012,74,CHRISTOPHE RIBLON,AG2R LA MONDIALE,323538,8251
2012,75,JORGE AZANZA SOTO,EUSKALTEL - EUSKADI,323625,8338
2012,76,GUILLAUME LEVARLET,SAUR-SOJASUN,323670,8383
2012,77,YAROSLAV POPOVYCH,RADIOSHACK-NISSAN,323803,8516
2012,78,VASILI KIRYIENKA,MOVISTAR TEAM,323809,8522
2012,79,ANDREY KASHECHKIN,ASTANA PRO TEAM,323876,8589
2012,80,SIMON GERRANS,ORICA GREENEDGE,323962,8675
2012,81,MARCO MARZANO,LAMPRE - ISD,323973,8686
2012,82,ADAM JAMES HANSEN,LOTTO-BELISOL TEAM,324016,8729
2012,83,CHRISTIAN KNEES,SKY PROCYCLING,324090,8803
2012,84,CHRISTOPHE KERN,TEAM EUROPCAR,324228,8941
2012,85,YUKIYA ARASHIRO,TEAM EUROPCAR,324240,8953
2012,86,MATTHIEU LADAGNOUS,FDJ-BIGMAT,324481,9194
2012,87,DANILO HONDO,LAMPRE - ISD,324762,9475
2012,88,RUBEN PEREZ MORENO,EUSKALTEL - EUSKADI,324763,9476
2012,89,MARTIN VELITS,OMEGA PHARMA-QUICK STEP,324934,9647
2012,90,BLEL KADRI,AG2R LA MONDIALE,324961,9674
2012,91,ROMAIN ZINGLE,COFIDIS LE CREDIT EN LIGNE,324991,9704
2012,92,BRICE FEILLU,SAUR-SOJASUN,324997,9710
2012,93,JULIEN SIMON,SAUR-SOJASUN,325251,9964
2012,94,MICHAEL MØRKØV,TEAM SAXO BANK-TINKOFF BANK,325261,9974
2012,95,ARTHUR VICHOT,FDJ-BIGMAT,325298,10011
2012,96,STEPHEN CUMMINGS,BMC RACING TEAM,325310,10023
2012,97,LARS BAK YTTING,LOTTO-BELISOL TEAM,325372,10085
2012,98,STUART O'GRADY,ORICA GREENEDGE,325518,10231
2012,99,KRISTIJAN KOREN,LIQUIGAS-CANNONDALE,325581,10294
2012,100,NICKI SORENSEN,TEAM SAXO BANK-TINKOFF BANK,325678,10391
2012,101,DAVID ZABRISKIE,GARMIN-SHARP,325693,10406
2012,102,RUBEN PLAZA MOLINA,MOVISTAR TEAM,325702,10415
2012,103,FRANCIS DE GREEF,LOTTO-BELISOL TEAM,325719,10432
2012,104,KOEN DE KORT,TEAM ARGOS-SHIMANO,325740,10453
2012,105,JURGEN ROELANDTS,LOTTO-BELISOL TEAM,325791,10504
2012,106,DANIEL OSS,LIQUIGAS-CANNONDALE,325811,10524
2012,107,DAVID MILLAR,GARMIN-SHARP,325811,10524
2012,108,SAMUEL DUMOULIN,COFIDIS LE CREDIT EN LIGNE,325849,10562
2012,109,LUCA PAOLINI,KATUSHA TEAM,325868,10581
2012,110,MANUEL QUINZIATO,BMC RACING TEAM,325874,10587
2012,111,MICHAEL ALBASINI,ORICA GREENEDGE,325927,10640
2012,112,DARYL IMPEY,ORICA GREENEDGE,325936,10649
2012,113,JÉRÔME PINEAU,OMEGA PHARMA-QUICK STEP,325965,10678
2012,114,MATTHIEU SPRICK,TEAM ARGOS-SHIMANO,325982,10695
2012,115,FEDERICO CANUTI,LIQUIGAS-CANNONDALE,326008,10721
2012,116,KRIS BOECKMANS,VACANSOLEIL-DCM,326264,10977
2012,117,MAXIM IGLINSKIY,ASTANA PRO TEAM,326305,11018
2012,118,BADEN COOKE,ORICA GREENEDGE,326357,11070
2012,119,ALESSANDRO VANOTTI,LIQUIGAS-CANNONDALE,326366,11079
2012,120,JOAN HORRACH,KATUSHA TEAM,326474,11187
2012,121,MATTHEW HARLEY GOSS,ORICA GREENEDGE,326502,11215
2012,122,NICK NUYENS,TEAM SAXO BANK-TINKOFF BANK,326596,11309
2012,123,SÉBASTIEN HINAULT,AG2R LA MONDIALE,326624,11337
2012,124,ANDRÉ GREIPEL,LOTTO-BELISOL TEAM,326629,11342
2012,125,GREGORY HENDERSON,LOTTO-BELISOL TEAM,326873,11586
2012,126,BERT GRABSCH,OMEGA PHARMA-QUICK STEP,326873,11586
2012,127,ANTHONY ROUX,FDJ-BIGMAT,327085,11798
2012,128,ANDERS LUND,TEAM SAXO BANK-TINKOFF BANK,327114,11827
2012,129,NICOLAS EDET,COFIDIS LE CREDIT EN LIGNE,327123,11836
2012,130,BORUT BOZIC,ASTANA PRO TEAM,327151,11864
2012,131,LUIS ANGEL MATE MARDONES,COFIDIS LE CREDIT EN LIGNE,327178,11891
2012,132,JEAN MARC MARINO,SAUR-SOJASUN,327187,11900
2012,133,MARCEL SIEBERG,LOTTO-BELISOL TEAM,327263,11976
2012,134,CEDRIC PINEAU,FDJ-BIGMAT,327311,12024
2012,135,PABLO URTASUN PEREZ,EUSKALTEL - EUSKADI,327381,12094
2012,136,ROY CURVERS,TEAM ARGOS-SHIMANO,327511,12224
2012,137,CYRIL LEMOINE,SAUR-SOJASUN,327522,12235
2012,138,JONATHAN CANTWELL,TEAM SAXO BANK-TINKOFF BANK,327595,12308
2012,139,YANN HUGUET,TEAM ARGOS-SHIMANO,327690,12403
2012,140,YOHANN GENE,TEAM EUROPCAR,327705,12418
2012,141,JUAN JOSE HAEDO,TEAM SAXO BANK-TINKOFF BANK,327735,12448
2012,142,PATRICK GRETSCH,TEAM ARGOS-SHIMANO,327756,12469
2012,143,MARK CAVENDISH,SKY PROCYCLING,327803,12516
2012,144,KARSTEN KROON,TEAM SAXO BANK-TINKOFF BANK,327823,12536
2012,145,BRAM TANKINK,RABOBANK CYCLING TEAM,327971,12684
2012,146,ALIAKSANDR KUCHYNSKI,KATUSHA TEAM,328391,13104
2012,147,BERNHARD EISEL,SKY PROCYCLING,328415,13128
2012,148,JOHAN VAN SUMMEREN,GARMIN-SHARP,328488,13201
2012,149,ALBERT TIMMER,TEAM ARGOS-SHIMANO,328524,13237
2012,150,JULIEN FOUCHARD,COFIDIS LE CREDIT EN LIGNE,328638,13351
2012,151,SEBASTIAN LANGEVELD,ORICA GREENEDGE,329099,13812
2012,152,TYLER FARRAR,GARMIN-SHARP,329372,14085
2012,153,JAN GHYSELINCK,COFIDIS LE CREDIT EN LIGNE,329511,14224
2012,154,JIMMY ENGOULVENT,SAUR-SOJASUN,329543,14256
2013,1,CHRIS FROOME,SKY PROCYCLING,302200,0
2013,2,NAIRO QUINTANA,MOVISTAR TEAM,302460,260
2013,3,JOAQUIN RODRIGUEZ OLIVER,KATUSHA TEAM,302504,304
2013,4,ALBERTO CONTADOR,TEAM SAXO-TINKOFF,302587,387
2013,5,ROMAN KREUZIGER,TEAM SAXO-TINKOFF,302647,447
2013,6,BAUKE MOLLEMA,BELKIN PRO CYCLING,302902,702
2013,7,JAKOB FUGLSANG,ASTANA PRO TEAM,302937,737
2013,8,ALEJANDRO VALVERDE,MOVISTAR TEAM,303126,926
2013,9,DANIEL NAVARRO GARCIA,"COFIDIS, SOLUTIONS CREDITS",303152,952
2013,10,ANDREW TALANSKY,GARMIN - SHARP,303259,1059
2013,11,MICHAL KWIATKOWSKI,OMEGA PHARMA-QUICK STEP,303339,1139
2013,12,MIKEL NIEVE ITURRALDE,EUSKALTEL - EUSKADI,303401,1201
2013,13,LAURENS TEN DAM,BELKIN PRO CYCLING,303499,1299
2013,14,MAXIME MONFORT,RADIOSHACK LEOPARD,303618,1418
2013,15,ROMAIN BARDET,AG2R LA MONDIALE,303802,1602
2013,16,MICHAEL ROGERS,TEAM SAXO-TINKOFF,303811,1611
2013,17,DANIEL MORENO FERNANDEZ,KATUSHA TEAM,304154,1954
2013,18,JAN BAKELANTS,RADIOSHACK LEOPARD,304351,2151
2013,19,RICHIE PORTE,SKY PROCYCLING,304581,2381
2013,20,ANDY SCHLECK,RADIOSHACK LEOPARD,304706,2506
2013,21,JOSÉ SERPA,LAMPRE - MERIDA,304908,2708
2013,22,JOHN GADRET,AG2R LA MONDIALE,304960,2760
2013,23,IGOR ANTON HERNANDEZ,EUSKALTEL - EUSKADI,305087,2887
2013,24,PIERRE ROLLAND,TEAM EUROPCAR,305335,3135
2013,25,PETER VELITS,OMEGA PHARMA-QUICK STEP,305440,3240
2013,26,ROBERT GESINK,BELKIN PRO CYCLING,305465,3265
2013,27,RUI COSTA,MOVISTAR TEAM,305474,3274
2013,28,WOUT POELS,VACANSOLEIL-DCM,305593,3393
2013,29,ARNOLD JEANNESSON,FDJ.FR,305626,3426
2013,30,ANDREAS KLÖDEN,RADIOSHACK LEOPARD,305963,3763
2013,31,SYLVAIN CHAVANEL,OMEGA PHARMA-QUICK STEP,306021,3821
2013,32,CYRIL GAUTIER,TEAM EUROPCAR,306562,4362
2013,33,DANIEL MARTIN,GARMIN - SHARP,306588,4388
2013,34,HUBERT DUPONT,AG2R LA MONDIALE,306699,4499
2013,35,STEVE MORABITO,BMC RACING TEAM,307039,4839
2013,36,HAIMAR ZUBELDIA,RADIOSHACK LEOPARD,307262,5062
2013,37,CHRISTOPHE RIBLON,AG2R LA MONDIALE,307477,5277
2013,38,BART DE CLERCQ,LOTTO-BELISOL,307486,5286
2013,39,CADEL EVANS,BMC RACING TEAM,307614,5414
2013,40,NICOLAS ROCHE,TEAM SAXO-TINKOFF,307857,5657
2013,41,TOM DUMOULIN,TEAM ARGOS-SHIMANO,307870,5670
2013,42,MIKEL ASTARLOZA,EUSKALTEL - EUSKADI,307987,5787
2013,43,JESUS ALBERTO HERNANDEZ BLAZQUEZ,TEAM SAXO-TINKOFF,308000,5800
2013,44,ALEXANDRE GENIEZ,FDJ.FR,308086,5886
2013,45,TEJAY VAN GARDEREN,BMC RACING TEAM,308137,5937
2013,46,ALEXIS VUILLERMOZ,SOJASUN,308205,6005
2013,47,RUBEN PLAZA MOLINA,MOVISTAR TEAM,308235,6035
2013,48,EDUARD VORGANOV,KATUSHA TEAM,308361,6161
2013,49,DAVIDE MALACARNE,TEAM EUROPCAR,308490,6290
2013,50,LARS PETTER NORDHAUG,BELKIN PRO CYCLING,308782,6582
2013,51,YURY TROFIMOV,KATUSHA TEAM,308794,6594
2013,52,MAXIME MEDEREL,SOJASUN,308981,6781
2013,53,LAURENT DIDIER,RADIOSHACK LEOPARD,309333,7133
2013,54,ANDREY AMADOR,MOVISTAR TEAM,309339,7139
2013,55,DAMIANO CUNEGO,LAMPRE - MERIDA,309378,7178
2013,56,AMAEL MOINARD,BMC RACING TEAM,309403,7203
2013,57,PRZEMYSLAW NIEMIEC,LAMPRE - MERIDA,309428,7228
2013,58,TONY GALLOPIN,RADIOSHACK LEOPARD,309579,7379
2013,59,PIERRICK FEDRIGO,FDJ.FR,309659,7459
2013,60,THOMAS DANIELSON,GARMIN - SHARP,309728,7528
2013,61,GUILLAUME LEVARLET,"COFIDIS, SOLUTIONS CREDITS",309821,7621
2013,62,PHILIPPE GILBERT,BMC RACING TEAM,309831,7631
2013,63,JÉRÔME COPPEL,"COFIDIS, SOLUTIONS CREDITS",309953,7753
2013,64,BRAM TANKINK,BELKIN PRO CYCLING,310012,7812
2013,65,THOMAS VOECKLER,TEAM EUROPCAR,310168,7968
2013,66,ARTHUR VICHOT,FDJ.FR,310306,8106
2013,67,JENS VOIGT,RADIOSHACK LEOPARD,310309,8109
2013,68,SIMON CLARKE,ORICA GREENEDGE,310614,8414
2013,69,ION IZAGIRRE INSAUSTI,EUSKALTEL - EUSKADI,310692,8492
2013,70,RYDER HESJEDAL,GARMIN - SHARP,310701,8501
2013,71,ALESSANDRO DE MARCHI,CANNONDALE,310791,8591
2013,72,ADAM JAMES HANSEN,LOTTO-BELISOL,310795,8595
2013,73,RUDY MOLARD,"COFIDIS, SOLUTIONS CREDITS",310925,8725
2013,74,DARYL IMPEY,ORICA GREENEDGE,310997,8797
2013,75,SIMON GESCHKE,TEAM ARGOS-SHIMANO,311062,8862
2013,76,MANUELE MORI,LAMPRE - MERIDA,311099,8899
2013,77,PETER KENNAUGH,SKY PROCYCLING,311426,9226
2013,78,JUAN JOSÉ OROZ UGALDE,EUSKALTEL - EUSKADI,311435,9235
2013,79,JOSÉ ROJAS,MOVISTAR TEAM,311445,9245
2013,80,SIMON GERRANS,ORICA GREENEDGE,311476,9276
2013,81,JULIEN EL FARES,SOJASUN,311588,9388
2013,82,PETER SAGAN,CANNONDALE,311731,9531
2013,83,SERGEY LAGUTIN,VACANSOLEIL-DCM,311735,9535
2013,84,FRANCESCO GAVAZZI,ASTANA PRO TEAM,311748,9548
2013,85,MANUEL QUINZIATO,BMC RACING TEAM,311774,9574
2013,86,MICHAEL ALBASINI,ORICA GREENEDGE,311822,9622
2013,87,JULIEN SIMON,SOJASUN,311884,9684
2013,88,LUIS ANGEL MATE MARDONES,"COFIDIS, SOLUTIONS CREDITS",312008,9808
2013,89,ANTHONY DELAPLACE,SOJASUN,312053,9853
2013,90,KANSTANTSIN SIUTSOU,SKY PROCYCLING,312083,9883
2013,91,BRENT BOOKWALTER,BMC RACING TEAM,312105,9905
2013,92,MATTEO TOSATTO,TEAM SAXO-TINKOFF,312259,10059
2013,93,JUAN ANTONIO FLECHA GIANNONI,VACANSOLEIL-DCM,312283,10083
2013,94,MORENO MOSER,CANNONDALE,312607,10407
2013,95,ENRICO GASPAROTTO,ASTANA PRO TEAM,312616,10416
2013,96,THOMAS DE GENDT,VACANSOLEIL-DCM,312621,10421
2013,97,JONATHAN CASTROVIEJO NICOLAS,MOVISTAR TEAM,312621,10421
2013,98,MARCUS BURGHARDT,BMC RACING TEAM,312641,10441
2013,99,YUKIYA ARASHIRO,TEAM EUROPCAR,312693,10493
2013,100,KRISTIJAN KOREN,CANNONDALE,312823,10623
2013,101,JOHNNY HOOGERLAND,VACANSOLEIL-DCM,312879,10679
2013,102,REIN TAARAMÄE,"COFIDIS, SOLUTIONS CREDITS",312949,10749
2013,103,MARKEL IRIZAR ARRANBURU,RADIOSHACK LEOPARD,312979,10779
2013,104,BRICE FEILLU,SOJASUN,312985,10785
2013,105,LARS BOOM,BELKIN PRO CYCLING,313172,10972
2013,106,TONY MARTIN,OMEGA PHARMA-QUICK STEP,313325,11125
2013,107,DANIELE BENNATI,TEAM SAXO-TINKOFF,313355,11155
2013,108,LARS BAK YTTING,LOTTO-BELISOL,313432,11232
2013,109,ALBERTO LOSADA ALGUACIL,KATUSHA TEAM,313446,11246
2013,110,PAVEL BRUTT,KATUSHA TEAM,313587,11387
2013,111,ALAN MARANGONI,CANNONDALE,313601,11401
2013,112,CYRIL LEMOINE,SOJASUN,313698,11498
2013,113,DAVID MILLAR,GARMIN - SHARP,313865,11665
2013,114,MACIEJ BODNAR,CANNONDALE,313915,11715
2013,115,EGOITZ GARCIA ECHEGUIBEL,"COFIDIS, SOLUTIONS CREDITS",313988,11788
2013,116,JEAN MARC MARINO,SOJASUN,313990,11790
2013,117,FABIO SABATINI,CANNONDALE,314120,11920
2013,118,IMANOL ERVITI,MOVISTAR TEAM,314152,11952
2013,119,GATIS SMUKULIS,KATUSHA TEAM,314266,12066
2013,120,RAMUNAS NAVARDAUSKAS,GARMIN - SHARP,314289,12089
2013,121,JOHN DEGENKOLB,TEAM ARGOS-SHIMANO,314403,12203
2013,122,ROMAIN SICARD,EUSKALTEL - EUSKADI,314434,12234
2013,123,DAVID VEILLEUX,TEAM EUROPCAR,314456,12256
2013,124,SÉBASTIEN MINARD,AG2R LA MONDIALE,314468,12268
2013,125,BLEL KADRI,AG2R LA MONDIALE,314637,12437
2013,126,JÉRÉMY ROY,FDJ.FR,314719,12519
2013,127,DAVID LOPEZ GARCIA,SKY PROCYCLING,314727,12527
2013,128,ELIA FAVILLI,LAMPRE - MERIDA,314879,12679
2013,129,ANDRÉ GREIPEL,LOTTO-BELISOL,314927,12727
2013,130,CAMERON MEYER,ORICA GREENEDGE,314934,12734
2013,131,SEP VANMARCKE,BELKIN PRO CYCLING,315073,12873
2013,132,MAARTEN WYNANTS,BELKIN PRO CYCLING,315226,13026
2013,133,MURILO ANTONIO FISCHER,FDJ.FR,315268,13068
2013,134,KÉVIN REZA,TEAM EUROPCAR,315311,13111
2013,135,IAN STANNARD,SKY PROCYCLING,315329,13129
2013,136,SERGIO MIGUEL MOREIRA PAULINHO,TEAM SAXO-TINKOFF,315338,13138
2013,137,DAVIDE CIMOLAI,LAMPRE - MERIDA,315431,13231
2013,138,KOEN DE KORT,TEAM ARGOS-SHIMANO,315455,13255
2013,139,RUBEN PEREZ MORENO,EUSKALTEL - EUSKADI,315595,13395
2013,140,GERAINT THOMAS,SKY PROCYCLING,315614,13414
2013,141,ALIAKSANDR KUCHYNSKI,KATUSHA TEAM,315702,13502
2013,142,MATTEO TRENTIN,OMEGA PHARMA-QUICK STEP,315730,13530
2013,143,SAMUEL DUMOULIN,AG2R LA MONDIALE,315831,13631
2013,144,BOY VAN POPPEL,VACANSOLEIL-DCM,315895,13695
2013,145,ROY CURVERS,TEAM ARGOS-SHIMANO,315910,13710
2013,146,JOHANNES FRÖHLINGER,TEAM ARGOS-SHIMANO,315942,13742
2013,147,ALEXANDER KRISTOFF,KATUSHA TEAM,315990,13790
2013,148,MARK CAVENDISH,OMEGA PHARMA-QUICK STEP,316124,13924
2013,149,NIKI TERPSTRA,OMEGA PHARMA-QUICK STEP,316125,13925
2013,150,THOMAS LEEZER,BELKIN PRO CYCLING,316235,14035
2013,151,JONATHAN HIVERT,SOJASUN,316429,14229
2013,152,MATTHEW HARLEY GOSS,ORICA GREENEDGE,316444,14244
2013,153,GERT STEEGMANS,OMEGA PHARMA-QUICK STEP,316554,14354
2013,154,BRETT DANIEL LANCASTER,ORICA GREENEDGE,316619,14419
2013,155,BRIAN VANDBORG,CANNONDALE,316621,14421
2013,156,JÉRÔME COUSIN,TEAM EUROPCAR,316670,14470
2013,157,ROBERTO FERRARI,LAMPRE - MERIDA,316729,14529
2013,158,YOHANN GENE,TEAM EUROPCAR,316786,14586
2013,159,JÉRÔME PINEAU,OMEGA PHARMA-QUICK STEP,316791,14591
2013,160,JURGEN ROELANDTS,LOTTO-BELISOL,316798,14598
2013,161,STUART O'GRADY,ORICA GREENEDGE,316807,14607
2013,162,GREGORY HENDERSON,LOTTO-BELISOL,316866,14666
2013,163,FREDERIK WILLEMS,LOTTO-BELISOL,316918,14718
2013,164,ALBERT TIMMER,TEAM ARGOS-SHIMANO,317039,14839
2013,165,JUAN JOSÉ LOBATO DEL VALLE,EUSKALTEL - EUSKADI,317079,14879
2013,166,MARCEL KITTEL,TEAM ARGOS-SHIMANO,317208,15008
2013,167,DMITRIY MURAVYEV,ASTANA PRO TEAM,317906,15706
2013,168,ASSAN BAZAYEV,ASTANA PRO TEAM,318092,15892
2013,169,SVEIN TUFT,ORICA GREENEDGE,318275,16075
2014,1,VINCENZO NIBALI,ASTANA PRO TEAM,323946,0
2014,2,JEAN-CHRISTOPHE PÉRAUD,AG2R LA MONDIALE,324403,457
2014,3,THIBAUT PINOT,FDJ.FR,324441,495
2014,4,ALEJANDRO VALVERDE,MOVISTAR TEAM,324526,580
2014,5,TEJAY VAN GARDEREN,BMC RACING TEAM,324630,684
2014,6,ROMAIN BARDET,AG2R LA MONDIALE,324632,686
2014,7,LEOPOLD KONIG,TEAM NETAPP-ENDURA,324818,872
2014,8,HAIMAR ZUBELDIA,TREK FACTORY RACING,325023,1077
2014,9,LAURENS TEN DAM,BELKIN PRO CYCLING,325037,1091
2014,10,BAUKE MOLLEMA,BELKIN PRO CYCLING,325221,1275
2014,11,PIERRE ROLLAND,TEAM EUROPCAR,325333,1387
2014,12,FRANK SCHLECK,TREK FACTORY RACING,325494,1548
2014,13,JURGEN VAN DEN BROECK,LOTTO-BELISOL,325987,2041
2014,14,YURY TROFIMOV,TEAM KATUSHA,326147,2201
2014,15,STEVEN KRUIJSWIJK,BELKIN PRO CYCLING,326241,2295
2014,16,BRICE FEILLU,BRETAGNE - SECHE ENVIRONNEMENT,326585,2639
2014,17,CHRISTOPHER HORNER,LAMPRE - MERIDA,326617,2671
2014,18,MIKEL NIEVE ITURRALDE,TEAM SKY,326737,2791
2014,19,JOHN GADRET,MOVISTAR TEAM,326796,2850
2014,20,TANEL KANGERT,ASTANA PRO TEAM,327077,3131
2014,21,BEN GASTAUER,AG2R LA MONDIALE,327426,3480
2014,22,GERAINT THOMAS,TEAM SKY,327500,3554
2014,23,RICHIE PORTE,TEAM SKY,327614,3668
2014,24,JAN BAKELANTS,OMEGA PHARMA-QUICK STEP,327934,3988
2014,25,CYRIL GAUTIER,TEAM EUROPCAR,328073,4127
2014,26,MICHAEL ROGERS,TINKOFF-SAXO,328619,4673
2014,27,PETER VELITS,BMC RACING TEAM,328724,4778
2014,28,MICHAL KWIATKOWSKI,OMEGA PHARMA-QUICK STEP,328861,4915
2014,29,TONY GALLOPIN,LOTTO-BELISOL,329310,5364
2014,30,ARNOLD JEANNESSON,FDJ.FR,329553,5607
2014,31,LUIS ANGEL MATE MARDONES,"COFIDIS, SOLUTIONS CREDITS",329758,5812
2014,32,MARCEL WYSS,IAM CYCLING,329853,5907
2014,33,TOM DUMOULIN,TEAM GIANT-SHIMANO,330426,6480
2014,34,SYLVAIN CHAVANEL,IAM CYCLING,330439,6493
2014,35,PETER STETINA,BMC RACING TEAM,330702,6756
2014,36,JAKOB FUGLSANG,ASTANA PRO TEAM,330836,6890
2014,37,GIOVANNI VISCONTI,MOVISTAR TEAM,330934,6988
2014,38,GREG VAN AVERMAET,BMC RACING TEAM,330940,6994
2014,39,NICOLAS ROCHE,TINKOFF-SAXO,331071,7125
2014,40,BRAM TANKINK,BELKIN PRO CYCLING,331088,7142
2014,41,ION IZAGIRRE INSAUSTI,MOVISTAR TEAM,331196,7250
2014,42,THOMAS VOECKLER,TEAM EUROPCAR,331664,7718
2014,43,MICHAEL SCHÄR,BMC RACING TEAM,331729,7783
2014,44,RAFAL MAJKA,TINKOFF-SAXO,332219,8273
2014,45,AMAEL MOINARD,BMC RACING TEAM,332299,8353
2014,46,KRISTIJAN ÐURASEK,LAMPRE - MERIDA,332424,8478
2014,47,TONY MARTIN,OMEGA PHARMA-QUICK STEP,332681,8735
2014,48,JOSÉ SERPA,LAMPRE - MERIDA,332892,8946
2014,49,MICHELE SCARPONI,ASTANA PRO TEAM,333046,9100
2014,50,PAUL VOSS,TEAM NETAPP-ENDURA,333114,9168
2014,51,RUDY MOLARD,"COFIDIS, SOLUTIONS CREDITS",333208,9262
2014,52,ALESSANDRO DE MARCHI,CANNONDALE,333240,9294
2014,53,BENJAMIN KING,GARMIN - SHARP,333665,9719
2014,54,JOAQUIM RODRIGUEZ,TEAM KATUSHA,333863,9917
2014,55,MICHAL GOLAS,OMEGA PHARMA-QUICK STEP,334089,10143
2014,56,TOM-JELTE SLAGTER,GARMIN - SHARP,334106,10160
2014,57,JÉRÉMY ROY,FDJ.FR,334114,10168
2014,58,JÉRÔME PINEAU,IAM CYCLING,334252,10306
2014,59,MIKAEL CHEREL,AG2R LA MONDIALE,334266,10320
2014,60,PETER SAGAN,CANNONDALE,334318,10372
2014,61,JESUS HERRADA,MOVISTAR TEAM,334344,10398
2014,62,FLORIAN GUILLOU,BRETAGNE - SECHE ENVIRONNEMENT,334346,10400
2014,63,MARKEL IRIZAR ARRANBURU,TREK FACTORY RACING,334370,10424
2014,64,ADAM JAMES HANSEN,LOTTO-BELISOL,334404,10458
2014,65,YUKIYA ARASHIRO,TEAM EUROPCAR,334473,10527
2014,66,MATTEO MONTAGUTI,AG2R LA MONDIALE,334493,10547
2014,67,JENS KEUKELEIRE,ORICA GREENEDGE,334518,10572
2014,68,BARTOSZ HUZARSKI,TEAM NETAPP-ENDURA,334626,10680
2014,69,DANIEL OSS,BMC RACING TEAM,334667,10721
2014,70,MICHAEL ALBASINI,ORICA GREENEDGE,335097,11151
2014,71,JAN BARTA,TEAM NETAPP-ENDURA,335184,11238
2014,72,TIAGO MACHADO,TEAM NETAPP-ENDURA,335229,11283
2014,73,KÉVIN REZA,TEAM EUROPCAR,335238,11292
2014,74,JOHAN VAN SUMMEREN,GARMIN - SHARP,335266,11320
2014,75,MARTIN ELMIGER,IAM CYCLING,335476,11530
2014,76,MATTHIEU LADAGNOUS,FDJ.FR,335627,11681
2014,77,NICOLAS EDET,"COFIDIS, SOLUTIONS CREDITS",335920,11974
2014,78,ANTHONY DELAPLACE,BRETAGNE - SECHE ENVIRONNEMENT,335994,12048
2014,79,LIEUWE WESTRA,ASTANA PRO TEAM,336010,12064
2014,80,MARCO MARCATO,CANNONDALE,336022,12076
2014,81,IMANOL ERVITI,MOVISTAR TEAM,336114,12168
2014,82,LARS BAK YTTING,LOTTO-BELISOL,336167,12221
2014,83,PERRIG QUEMENEUR,TEAM EUROPCAR,336292,12346
2014,84,BLEL KADRI,AG2R LA MONDIALE,336329,12383
2014,85,SÉBASTIEN REICHENBACH,IAM CYCLING,336418,12472
2014,86,VASILI KIRYIENKA,TEAM SKY,336569,12623
2014,87,NELSON OLIVEIRA,LAMPRE - MERIDA,336582,12636
2014,88,REIN TAARAMÄE,"COFIDIS, SOLUTIONS CREDITS",336847,12901
2014,89,SERGIO MIGUEL MOREIRA PAULINHO,TINKOFF-SAXO,336939,12993
2014,90,SAMUEL DUMOULIN,AG2R LA MONDIALE,337030,13084
2014,91,RUBEN PLAZA MOLINA,MOVISTAR TEAM,337053,13107
2014,92,KOEN DE KORT,TEAM GIANT-SHIMANO,337078,13132
2014,93,MATTEO TRENTIN,OMEGA PHARMA-QUICK STEP,337082,13136
2014,94,NIKI TERPSTRA,OMEGA PHARMA-QUICK STEP,337090,13144
2014,95,ANDREY GRIVKO,ASTANA PRO TEAM,337114,13168
2014,96,DANIELE BENNATI,TINKOFF-SAXO,337192,13246
2014,97,LARS BOOM,BELKIN PRO CYCLING,337230,13284
2014,98,MATTHEW BUSCHE,TREK FACTORY RACING,337264,13318
2014,99,SÉBASTIEN MINARD,AG2R LA MONDIALE,337289,13343
2014,100,GATIS SMUKULIS,TEAM KATUSHA,337351,13405
2014,101,GREGORY RAST,TREK FACTORY RACING,337363,13417
2014,102,CEDRIC PINEAU,FDJ.FR,337408,13462
2014,103,FLORIAN VACHON,BRETAGNE - SECHE ENVIRONNEMENT,337426,13480
2014,104,BRYAN COQUARD,TEAM EUROPCAR,337431,13485
2014,105,DAVID LOPEZ GARCIA,TEAM SKY,337459,13513
2014,106,SEP VANMARCKE,BELKIN PRO CYCLING,337500,13554
2014,107,ALEXANDRE PICHOT,TEAM EUROPCAR,337541,13595
2014,108,JENS VOIGT,TREK FACTORY RACING,337543,13597
2014,109,JULIEN SIMON,"COFIDIS, SOLUTIONS CREDITS",337562,13616
2014,110,CYRIL LEMOINE,"COFIDIS, SOLUTIONS CREDITS",337582,13636
2014,111,JURGEN ROELANDTS,LOTTO-BELISOL,337905,13959
2014,112,MACIEJ BODNAR,CANNONDALE,337918,13972
2014,113,SIMON CLARKE,ORICA GREENEDGE,338084,14138
2014,114,BENAT INTXAUSTI ELORRIAGA,MOVISTAR TEAM,338099,14153
2014,115,JEAN-MARC BIDEAU,BRETAGNE - SECHE ENVIRONNEMENT,338234,14288
2014,116,ROY CURVERS,TEAM GIANT-SHIMANO,338249,14303
2014,117,MAARTEN WYNANTS,BELKIN PRO CYCLING,338415,14469
2014,118,FABIO SABATINI,CANNONDALE,338427,14481
2014,119,MATTEO TOSATTO,TINKOFF-SAXO,338459,14513
2014,120,CHRISTOPHE RIBLON,AG2R LA MONDIALE,338586,14640
2014,121,CHRISTIAN MEIER,ORICA GREENEDGE,338659,14713
2014,122,LUKE DURBRIDGE,ORICA GREENEDGE,338705,14759
2014,123,JOHN DEGENKOLB,TEAM GIANT-SHIMANO,338748,14802
2014,124,JOSÉ PIMENTA COSTA MENDES,TEAM NETAPP-ENDURA,338800,14854
2014,125,ALEXANDER KRISTOFF,TEAM KATUSHA,339052,15106
2014,126,BERNHARD EISEL,TEAM SKY,339147,15201
2014,127,ALEX HOWES,GARMIN - SHARP,339469,15523
2014,128,YOHANN GENE,TEAM EUROPCAR,339497,15551
2014,129,MAXIM IGLINSKIY,ASTANA PRO TEAM,339673,15727
2014,130,DMITRIY GRUZDEV,ASTANA PRO TEAM,339699,15753
2014,131,SVEIN TUFT,ORICA GREENEDGE,339718,15772
2014,132,ARNAUD GERARD,BRETAGNE - SECHE ENVIRONNEMENT,339801,15855
2014,133,THOMAS LEEZER,BELKIN PRO CYCLING,339807,15861
2014,134,MICHAEL MØRKØV,TINKOFF-SAXO,339935,15989
2014,135,KRISTIJAN KOREN,CANNONDALE,340100,16154
2014,136,LUCA PAOLINI,TEAM KATUSHA,340129,16183
2014,137,JACK BAUER,GARMIN - SHARP,340143,16197
2014,138,ARMINDO FONSECA,BRETAGNE - SECHE ENVIRONNEMENT,340198,16252
2014,139,ROGER KLUGE,IAM CYCLING,340371,16425
2014,140,SEBASTIAN LANGEVELD,GARMIN - SHARP,340415,16469
2014,141,RAMUNAS NAVARDAUSKAS,GARMIN - SHARP,340608,16662
2014,142,MARK RENSHAW,OMEGA PHARMA-QUICK STEP,340689,16743
2014,143,MICKAEL DELAGE,FDJ.FR,340726,16780
2014,144,ANDREAS SCHILLINGER,TEAM NETAPP-ENDURA,340752,16806
2014,145,MARCEL SIEBERG,LOTTO-BELISOL,340827,16881
2014,146,ALBERT TIMMER,TEAM GIANT-SHIMANO,340894,16948
2014,147,ALESSANDRO VANOTTI,ASTANA PRO TEAM,340914,16968
2014,148,ALESSANDRO PETACCHI,OMEGA PHARMA-QUICK STEP,341033,17087
2014,149,ANDRÉ GREIPEL,LOTTO-BELISOL,341040,17094
2014,150,ROMAIN FEILLU,BRETAGNE - SECHE ENVIRONNEMENT,341050,17104
2014,151,ZAKKARI DEMPSTER,TEAM NETAPP-ENDURA,341050,17104
2014,152,BENOIT JARRIER,BRETAGNE - SECHE ENVIRONNEMENT,341134,17188
2014,153,DANNY PATE,TEAM SKY,341218,17272
2014,154,MARCUS BURGHARDT,BMC RACING TEAM,341266,17320
2014,155,TOM VEELERS,TEAM GIANT-SHIMANO,341549,17603
2014,156,ADRIEN PETIT,"COFIDIS, SOLUTIONS CREDITS",341846,17900
2014,157,VLADIMIR ISAICHEV,TEAM KATUSHA,341856,17910
2014,158,WILLIAM BONNET,FDJ.FR,341943,17997
2014,159,ARNAUD DEMARE,FDJ.FR,341975,18029
2014,160,JEAN MARC MARINO,CANNONDALE,342172,18226
2014,161,MARCEL KITTEL,TEAM GIANT-SHIMANO,342333,18387
2014,162,ELIA VIVIANI,CANNONDALE,342586,18640
2014,163,DAVIDE CIMOLAI,LAMPRE - MERIDA,342664,18718
2014,164,CHENG JI,TEAM GIANT-SHIMANO,345690,21744
2015,1,CHRIS FROOME,TEAM SKY,305174,0
2015,2,NAIRO QUINTANA,MOVISTAR TEAM,305246,72
2015,3,ALEJANDRO VALVERDE,MOVISTAR TEAM,305499,325
2015,4,VINCENZO NIBALI,ASTANA PRO TEAM,305690,516
2015,5,ALBERTO CONTADOR,TINKOFF-SAXO,305762,588
2015,6,ROBERT GESINK,TEAM LOTTO NL - JUMBO,305821,647
2015,7,BAUKE MOLLEMA,TREK FACTORY RACING,306088,914
2015,8,MATHIAS FRANK,IAM CYCLING,306113,939
2015,9,ROMAIN BARDET,AG2R LA MONDIALE,306134,960
2015,10,PIERRE ROLLAND,TEAM EUROPCAR,306224,1050
2015,11,ANDREW TALANSKY,TEAM CANNONDALE-GARMIN,306500,1326
2015,12,SAMUEL SANCHEZ,BMC RACING TEAM,306544,1370
2015,13,SERGE PAUWELS,MTN-QHUBEKA,307037,1863
2015,14,WARREN BARGUIL,TEAM GIANT-ALPECIN,307049,1875
2015,15,GERAINT THOMAS,TEAM SKY,307073,1899
2015,16,THIBAUT PINOT,FDJ,307506,2332
2015,17,ROMAN KREUZIGER,TINKOFF-SAXO,308945,3771
2015,18,MIKAEL CHEREL,AG2R LA MONDIALE,309074,3900
2015,19,JARLINSON PANTANO GOMEZ,IAM CYCLING,309322,4148
2015,20,JAN BAKELANTS,AG2R LA MONDIALE,309770,4596
2015,21,STEVEN KRUIJSWIJK,TEAM LOTTO NL - JUMBO,310061,4887
2015,22,TANEL KANGERT,ASTANA PRO TEAM,310272,5098
2015,23,JAKOB FUGLSANG,ASTANA PRO TEAM,310297,5123
2015,24,JONATHAN CASTROVIEJO NICOLAS,MOVISTAR TEAM,310339,5165
2015,25,JAN BARTA,BORA-ARGON 18,310390,5216
2015,26,ALEXIS VUILLERMOZ,AG2R LA MONDIALE,310483,5309
2015,27,BOB JUNGELS,TREK FACTORY RACING,310775,5601
2015,28,RAFAL MAJKA,TINKOFF-SAXO,310880,5706
2015,29,JOAQUIN RODRIGUEZ OLIVER,TEAM KATUSHA,310941,5767
2015,30,RUBEN PLAZA MOLINA,LAMPRE - MERIDA,311076,5902
2015,31,TONY GALLOPIN,LOTTO-SOUDAL,311218,6044
2015,32,GORKA IZAGIRRE INSAUSTI,MOVISTAR TEAM,311268,6094
2015,33,ROMAIN SICARD,TEAM EUROPCAR,311866,6692
2015,34,CYRIL GAUTIER,TEAM EUROPCAR,311885,6711
2015,35,NICOLAS ROCHE,TEAM SKY,312022,6848
2015,36,MICHAEL ROGERS,TINKOFF-SAXO,312147,6973
2015,37,LARS BAK YTTING,LOTTO-SOUDAL,312191,7017
2015,38,SIMON GESCHKE,TEAM GIANT-ALPECIN,312268,7094
2015,39,DANIEL MARTIN,TEAM CANNONDALE-GARMIN,312591,7417
2015,40,RYDER HESJEDAL,TEAM CANNONDALE-GARMIN,312651,7477
2015,41,MICHELE SCARPONI,ASTANA PRO TEAM,312677,7503
2015,42,RIGOBERTO URAN,ETIXX-QUICK STEP,312874,7700
2015,43,LUIS ANGEL MATE MARDONES,"COFIDIS, SOLUTIONS CREDITS",312986,7812
2015,44,WOUT POELS,TEAM SKY,313138,7964
2015,45,THOMAS VOECKLER,TEAM EUROPCAR,313222,8048
2015,46,PETER SAGAN,TINKOFF-SAXO,313269,8095
2015,47,NELSON OLIVEIRA,LAMPRE - MERIDA,313306,8132
2015,48,RICHIE PORTE,TEAM SKY,313339,8165
2015,49,DANIEL TEKLEHAIMANOT,MTN-QHUBEKA,313349,8175
2015,50,ADAM YATES,ORICA GREENEDGE,313370,8196
2015,51,JACQUES WILLEM JANSE VAN RENSBURG,MTN-QHUBEKA,313470,8296
2015,52,PIERRICK FEDRIGO,BRETAGNE - SECHE ENVIRONNEMENT,313748,8574
2015,53,DAMIANO CARUSO,BMC RACING TEAM,313966,8792
2015,54,SYLVAIN CHAVANEL,IAM CYCLING,314142,8968
2015,55,BRAM TANKINK,TEAM LOTTO NL - JUMBO,314186,9012
2015,56,MICHAEL SCHÄR,BMC RACING TEAM,314247,9073
2015,57,WINNER ANACONA,MOVISTAR TEAM,314248,9074
2015,58,ALBERTO LOSADA ALGUACIL,TEAM KATUSHA,314324,9150
2015,59,STEF CLEMENT,IAM CYCLING,314396,9222
2015,60,MARCEL WYSS,IAM CYCLING,314452,9278
2015,61,JEAN-CHRISTOPHE PÉRAUD,AG2R LA MONDIALE,314484,9310
2015,62,HAIMAR ZUBELDIA,TREK FACTORY RACING,314584,9410
2015,63,DANILO WYSS,BMC RACING TEAM,314611,9437
2015,64,ANDREY GRIVKO,ASTANA PRO TEAM,314660,9486
2015,65,JOSE HERRADA LOPEZ,MOVISTAR TEAM,314780,9606
2015,66,DANIEL NAVARRO GARCIA,"COFIDIS, SOLUTIONS CREDITS",314988,9814
2015,67,THOMAS DE GENDT,LOTTO-SOUDAL,315256,10082
2015,68,CHRISTOPHE RIBLON,AG2R LA MONDIALE,315273,10099
2015,69,KRISTIJAN KOREN,TEAM CANNONDALE-GARMIN,315478,10304
2015,70,LEOPOLD KONIG,TEAM SKY,315563,10389
2015,71,MATTHIEU LADAGNOUS,FDJ,315576,10402
2015,72,TIAGO MACHADO,TEAM KATUSHA,315645,10471
2015,73,KOEN DE KORT,TEAM GIANT-ALPECIN,315799,10625
2015,74,PERRIG QUEMENEUR,TEAM EUROPCAR,315813,10639
2015,75,RETO HOLLENSTEIN,IAM CYCLING,315884,10710
2015,76,KRISTIJAN ÐURASEK,LAMPRE - MERIDA,316108,10934
2015,77,LIEUWE WESTRA,ASTANA PRO TEAM,316163,10989
2015,78,RAFAEL VALLS,LAMPRE - MERIDA,316165,10991
2015,79,WILCO KELDERMAN,TEAM LOTTO NL - JUMBO,316221,11047
2015,80,PAUL MARTENS,TEAM LOTTO NL - JUMBO,316266,11092
2015,81,PIERRE LUC PERICHON,BRETAGNE - SECHE ENVIRONNEMENT,316322,11148
2015,82,EDVALD BOASSON-HAGEN,MTN-QHUBEKA,316456,11282
2015,83,EMANUEL BUCHMANN,BORA-ARGON 18,316501,11327
2015,84,MERHAWI KUDUS,MTN-QHUBEKA,316610,11436
2015,85,ANTHONY DELAPLACE,BRETAGNE - SECHE ENVIRONNEMENT,316662,11488
2015,86,STEPHEN CUMMINGS,MTN-QHUBEKA,316717,11543
2015,87,GEORG PREIDLER,TEAM GIANT-ALPECIN,316828,11654
2015,88,FLORIAN VACHON,BRETAGNE - SECHE ENVIRONNEMENT,316875,11701
2015,89,SIMON PHILIP YATES,ORICA GREENEDGE,316938,11764
2015,90,GIANPAOLO CARUSO,TEAM KATUSHA,316997,11823
2015,91,ANGELO TULIK,TEAM EUROPCAR,317078,11904
2015,92,LAURENS TEN DAM,TEAM LOTTO NL - JUMBO,317097,11923
2015,93,MARKEL IRIZAR ARRANBURU,TREK FACTORY RACING,317158,11984
2015,94,JULIEN SIMON,"COFIDIS, SOLUTIONS CREDITS",317167,11993
2015,95,MICHAL GOLAS,ETIXX-QUICK STEP,317251,12077
2015,96,REINARDT JANSE VAN RENSBURG,MTN-QHUBEKA,317264,12090
2015,97,DANIEL OSS,BMC RACING TEAM,317308,12134
2015,98,BRICE FEILLU,BRETAGNE - SECHE ENVIRONNEMENT,317365,12191
2015,99,PAUL VOSS,BORA-ARGON 18,317467,12293
2015,100,MARTIN ELMIGER,IAM CYCLING,317581,12407
2015,101,ROHAN DENNIS,BMC RACING TEAM,317628,12454
2015,102,GREGORY RAST,TREK FACTORY RACING,317714,12540
2015,103,ZDENEK STYBAR,ETIXX-QUICK STEP,317787,12613
2015,104,SEP VANMARCKE,TEAM LOTTO NL - JUMBO,317849,12675
2015,105,JÉRÉMY ROY,FDJ,317906,12732
2015,106,ROY CURVERS,TEAM GIANT-ALPECIN,318114,12940
2015,107,ADRIANO MALORI,MOVISTAR TEAM,318222,13048
2015,108,BARTOSZ HUZARSKI,BORA-ARGON 18,318260,13086
2015,109,JOHN DEGENKOLB,TEAM GIANT-ALPECIN,318357,13183
2015,110,BRYAN COQUARD,TEAM EUROPCAR,318530,13356
2015,111,NICOLAS EDET,"COFIDIS, SOLUTIONS CREDITS",318536,13362
2015,112,ALEXANDRE GENIEZ,FDJ,318551,13377
2015,113,BENOÎT VAUGRENARD,FDJ,318562,13388
2015,114,ADAM JAMES HANSEN,LOTTO-SOUDAL,318692,13518
2015,115,IMANOL ERVITI,MOVISTAR TEAM,318808,13634
2015,116,JULIEN VERMOTE,ETIXX-QUICK STEP,319006,13832
2015,117,MATTEO TRENTIN,ETIXX-QUICK STEP,319033,13859
2015,118,MATTEO BONO,LAMPRE - MERIDA,319111,13937
2015,119,ARMINDO FONSECA,BRETAGNE - SECHE ENVIRONNEMENT,319167,13993
2015,120,MANUEL QUINZIATO,BMC RACING TEAM,319175,14001
2015,121,JOS VAN EMDEN,TEAM LOTTO NL - JUMBO,319233,14059
2015,122,JOSÉ SERPA,LAMPRE - MERIDA,319239,14065
2015,123,GEOFFREY SOUPE,"COFIDIS, SOLUTIONS CREDITS",319309,14135
2015,124,JULIAN ARREDONDO MORENO,TREK FACTORY RACING,319383,14209
2015,125,FILIPPO POZZATO,LAMPRE - MERIDA,319474,14300
2015,126,MARCO HALLER,TEAM KATUSHA,319518,14344
2015,127,CHRISTOPHE LAPORTE,"COFIDIS, SOLUTIONS CREDITS",319524,14350
2015,128,IAN STANNARD,TEAM SKY,319551,14377
2015,129,TIM WELLENS,LOTTO-SOUDAL,319553,14379
2015,130,ALEXANDER KRISTOFF,TEAM KATUSHA,319640,14466
2015,131,DMITRIY GRUZDEV,ASTANA PRO TEAM,319646,14472
2015,132,MATTEO TOSATTO,TINKOFF-SAXO,319649,14475
2015,133,ARNAUD GERARD,BRETAGNE - SECHE ENVIRONNEMENT,319700,14526
2015,134,ANDRÉ GREIPEL,LOTTO-SOUDAL,319782,14608
2015,135,FLORIAN SENECHAL,"COFIDIS, SOLUTIONS CREDITS",319820,14646
2015,136,LUKE ROWE,TEAM SKY,319859,14685
2015,137,YOHANN GENE,TEAM EUROPCAR,319870,14696
2015,138,ARNAUD DEMARE,FDJ,319902,14728
2015,139,ALBERT TIMMER,TEAM GIANT-ALPECIN,319904,14730
2015,140,JOSÉ JOAO PIMANTA COSTA MENDES,BORA-ARGON 18,320041,14867
2015,141,FRÉDERIC BRUN,BRETAGNE - SECHE ENVIRONNEMENT,320206,15032
2015,142,MARK CAVENDISH,ETIXX-QUICK STEP,320299,15125
2015,143,RAMUNAS NAVARDAUSKAS,TEAM CANNONDALE-GARMIN,320454,15280
2015,144,PIETER WEENING,ORICA GREENEDGE,320494,15320
2015,145,JENS DEBUSSCHERE,LOTTO-SOUDAL,320540,15366
2015,146,DAMIEN GAUDIN,AG2R LA MONDIALE,320547,15373
2015,147,DYLAN VAN BAARLE,TEAM CANNONDALE-GARMIN,320694,15520
2015,148,STIJN DEVOLDER,TREK FACTORY RACING,320865,15691
2015,149,JACOPO GUARNIERI,TEAM KATUSHA,320914,15740
2015,150,MARCEL SIEBERG,LOTTO-SOUDAL,321066,15892
2015,151,LUKE DURBRIDGE,ORICA GREENEDGE,321077,15903
2015,152,MICHAEL MATTHEWS,ORICA GREENEDGE,321167,15993
2015,153,THOMAS LEEZER,TEAM LOTTO NL - JUMBO,321181,16007
2015,154,TYLER FARRAR,MTN-QHUBEKA,321526,16352
2015,155,DAVIDE CIMOLAI,LAMPRE - MERIDA,321575,16401
2015,156,MATTHIAS BRÄNDLE,IAM CYCLING,321830,16656
2015,157,BRYAN NAULLEAU,TEAM EUROPCAR,321986,16812
2015,158,KENNETH VANBILSEN,"COFIDIS, SOLUTIONS CREDITS",322061,16887
2015,159,SVEIN TUFT,ORICA GREENEDGE,322462,17288
2015,160,SÉBASTIEN CHAVANEL,FDJ,322993,17819
2016,1,CHRIS FROOME,TEAM SKY,320688,0
2016,2,ROMAIN BARDET,AG2R LA MONDIALE,320933,245
2016,3,NAIRO QUINTANA,MOVISTAR TEAM,320949,261
2016,4,ADAM YATES,ORICA-BIKEEXCHANGE,320970,282
2016,5,RICHIE PORTE,BMC RACING TEAM,321005,317
2016,6,ALEJANDRO VALVERDE,MOVISTAR TEAM,321064,376
2016,7,JOAQUIN RODRIGUEZ OLIVER,TEAM KATUSHA,321106,418
2016,8,LOUIS MEINTJES,LAMPRE - MERIDA,321106,418
2016,9,DANIEL MARTIN,ETIXX-QUICK STEP,321112,424
2016,10,ROMAN KREUZIGER,TINKOFF,321119,431
2016,11,BAUKE MOLLEMA,TREK - SEGAFREDO,321481,793
2016,12,SERGIO LUIS HENAO MONTOYA,TEAM SKY,321819,1131
2016,13,FABIO ARU,ASTANA PRO TEAM,321848,1160
2016,14,SÉBASTIEN REICHENBACH,FDJ,322187,1499
2016,15,GERAINT THOMAS,TEAM SKY,322399,1711
2016,16,PIERRE ROLLAND,CANNONDALE DRAPAC TEAM,322530,1842
2016,17,MIKEL NIEVE ITURRALDE,TEAM SKY,322998,2310
2016,18,STEF CLEMENT,IAM CYCLING,323025,2337
2016,19,JARLINSON PANTANO GOMEZ,IAM CYCLING,323027,2339
2016,20,ALEXIS VUILLERMOZ,AG2R LA MONDIALE,323236,2548
2016,21,EMANUEL BUCHMANN,BORA-ARGON 18,323548,2860
2016,22,DAMIANO CARUSO,BMC RACING TEAM,323591,2903
2016,23,WARREN BARGUIL,TEAM GIANT-ALPECIN,323822,3134
2016,24,HAIMAR ZUBELDIA,TREK - SEGAFREDO,323874,3186
2016,25,ILNUR ZAKARIN,TEAM KATUSHA,324081,3393
2016,26,TANEL KANGERT,ASTANA PRO TEAM,324527,3839
2016,27,RAFAL MAJKA,TINKOFF,324553,3865
2016,28,WOUT POELS,TEAM SKY,324705,4017
2016,29,TEJAY VAN GARDEREN,BMC RACING TEAM,325014,4326
2016,30,VINCENZO NIBALI,ASTANA PRO TEAM,325487,4799
2016,31,DANIEL MORENO FERNANDEZ,MOVISTAR TEAM,325548,4860
2016,32,WILCO KELDERMAN,TEAM LOTTO NL - JUMBO,325766,5078
2016,33,DOMENICO POZZOVIVO,AG2R LA MONDIALE,325802,5114
2016,34,FRANK SCHLECK,TREK - SEGAFREDO,325947,5259
2016,35,MIKEL LANDA MEANA,TEAM SKY,326227,5539
2016,36,STEVE MORABITO,FDJ,326598,5910
2016,37,DIEGO ROSA,ASTANA PRO TEAM,327084,6396
2016,38,DARYL IMPEY,ORICA-BIKEEXCHANGE,327339,6651
2016,39,BARTOSZ HUZARSKI,BORA-ARGON 18,327616,6928
2016,40,THOMAS DE GENDT,LOTTO SOUDAL,327813,7125
2016,41,JULIAN ALAPHILIPPE,ETIXX-QUICK STEP,327897,7209
2016,42,SERGE PAUWELS,TEAM DIMENSION DATA,327926,7238
2016,43,SYLVAIN CHAVANEL,DIRECT ENERGIE,328061,7373
2016,44,GREG VAN AVERMAET,BMC RACING TEAM,328261,7573
2016,45,AMAEL MOINARD,BMC RACING TEAM,328284,7596
2016,46,PETER STETINA,TREK - SEGAFREDO,328330,7642
2016,47,ION IZAGIRRE INSAUSTI,MOVISTAR TEAM,328477,7789
2016,48,LUIS LEON SANCHEZ,ASTANA PRO TEAM,328513,7825
2016,49,RUI COSTA,LAMPRE - MERIDA,328590,7902
2016,50,JAN BAKELANTS,AG2R LA MONDIALE,328715,8027
2016,51,KRISTIJAN ÐURASEK,LAMPRE - MERIDA,328804,8116
2016,52,JAKOB FUGLSANG,ASTANA PRO TEAM,328924,8236
2016,53,GEORGE BENNETT,TEAM LOTTO NL - JUMBO,328973,8285
2016,54,JAN POLANC,LAMPRE - MERIDA,328992,8304
2016,55,LUIS ANGEL MATE MARDONES,"COFIDIS, SOLUTIONS CREDITS",329165,8477
2016,56,GEORG PREIDLER,TEAM GIANT-ALPECIN,329433,8745
2016,57,MIKAEL CHEREL,AG2R LA MONDIALE,329553,8865
2016,58,ROBERT KIŠERLOVSKI,TINKOFF,329574,8886
2016,59,EDUARDO SEPULVEDA,FORTUNEO - VITAL CONCEPT,329595,8907
2016,60,FABRICE JEANDESBOZ,DIRECT ENERGIE,330245,9557
2016,61,BEN GASTAUER,AG2R LA MONDIALE,330353,9665
2016,62,ALEXEY LUTSENKO,ASTANA PRO TEAM,330400,9712
2016,63,ANTHONY ROUX,FDJ,330519,9831
2016,64,MARTIN ELMIGER,IAM CYCLING,330529,9841
2016,65,PATRICK KONRAD,BORA-ARGON 18,330680,9992
2016,66,SIMON GESCHKE,TEAM GIANT-ALPECIN,330740,10052
2016,67,ALBERTO LOSADA ALGUACIL,TEAM KATUSHA,330770,10082
2016,68,CYRIL GAUTIER,AG2R LA MONDIALE,330877,10189
2016,69,WINNER ANACONA,MOVISTAR TEAM,330911,10223
2016,70,BRICE FEILLU,FORTUNEO - VITAL CONCEPT,330937,10249
2016,71,TONY GALLOPIN,LOTTO SOUDAL,330971,10283
2016,72,RUBEN PLAZA MOLINA,ORICA-BIKEEXCHANGE,331078,10390
2016,73,LAURENS TEN DAM,TEAM GIANT-ALPECIN,331090,10402
2016,74,PAOLO TIRALONGO,ASTANA PRO TEAM,331380,10692
2016,75,JÉRÔME COPPEL,IAM CYCLING,331416,10728
2016,76,MICHAEL SCHÄR,BMC RACING TEAM,331542,10854
2016,77,MICHAEL VALGREN,TINKOFF,331570,10882
2016,78,ARTHUR VICHOT,FDJ,331618,10930
2016,79,THOMAS VOECKLER,DIRECT ENERGIE,331643,10955
2016,80,NELSON OLIVEIRA,MOVISTAR TEAM,331781,11093
2016,81,ROMAIN SICARD,DIRECT ENERGIE,332039,11351
2016,82,TOM-JELTE SLAGTER,CANNONDALE DRAPAC TEAM,332047,11359
2016,83,OLIVER NAESEN,IAM CYCLING,332176,11488
2016,84,CHRIS ANKER SORENSEN,FORTUNEO - VITAL CONCEPT,332260,11572
2016,85,DANIEL TEKLEHAIMANOT,TEAM DIMENSION DATA,332335,11647
2016,86,ANDREY GRIVKO,ASTANA PRO TEAM,332359,11671
2016,87,ARNOLD JEANNESSON,"COFIDIS, SOLUTIONS CREDITS",332582,11894
2016,88,JAN BARTA,BORA-ARGON 18,332672,11984
2016,89,MARCUS BURGHARDT,BMC RACING TEAM,332710,12022
2016,90,ANTHONY DELAPLACE,FORTUNEO - VITAL CONCEPT,332757,12069
2016,91,DYLAN VAN BAARLE,CANNONDALE DRAPAC TEAM,332883,12195
2016,92,TSGABU GEBREMARYAM GRMAY,LAMPRE - MERIDA,332885,12197
2016,93,PIERRE LUC PERICHON,FORTUNEO - VITAL CONCEPT,332964,12276
2016,94,BERT JAN LINDEMAN,TEAM LOTTO NL - JUMBO,333067,12379
2016,95,PETER SAGAN,TINKOFF,333117,12429
2016,96,JÉRÉMY ROY,FDJ,333123,12435
2016,97,RETO HOLLENSTEIN,IAM CYCLING,333201,12513
2016,98,PAUL MARTENS,TEAM LOTTO NL - JUMBO,333497,12809
2016,99,JASPER STUYVEN,TREK - SEGAFREDO,333497,12809
2016,100,ADAM JAMES HANSEN,LOTTO SOUDAL,333554,12866
2016,101,PAUL VOSS,BORA-ARGON 18,333673,12985
2016,102,LUKA PIBERNIK,LAMPRE - MERIDA,333785,13097
2016,103,VASILI KIRYIENKA,TEAM SKY,333809,13121
2016,104,SEP VANMARCKE,TEAM LOTTO NL - JUMBO,333890,13202
2016,105,FLORIAN VACHON,FORTUNEO - VITAL CONCEPT,333897,13209
2016,106,NICOLAS EDET,"COFIDIS, SOLUTIONS CREDITS",334050,13362
2016,107,ANTOINE DUCHESNE,DIRECT ENERGIE,334182,13494
2016,108,IMANOL ERVITI,MOVISTAR TEAM,334290,13602
2016,109,EDVALD BOASSON-HAGEN,TEAM DIMENSION DATA,334337,13649
2016,110,MICHAEL MATTHEWS,ORICA-BIKEEXCHANGE,334348,13660
2016,111,TIMO ROOSEN,TEAM LOTTO NL - JUMBO,334531,13843
2016,112,LUKE DURBRIDGE,ORICA-BIKEEXCHANGE,334603,13915
2016,113,BRYAN COQUARD,DIRECT ENERGIE,334605,13917
2016,114,JULIEN VERMOTE,ETIXX-QUICK STEP,334658,13970
2016,115,REINARDT JANSE VAN RENSBURG,TEAM DIMENSION DATA,334878,14190
2016,116,YUKIYA ARASHIRO,LAMPRE - MERIDA,334914,14226
2016,117,BRENT BOOKWALTER,BMC RACING TEAM,334957,14269
2016,118,PETR VAKOC,ETIXX-QUICK STEP,334966,14278
2016,119,JUUL CHRISTOPHER JENSEN,ORICA-BIKEEXCHANGE,334978,14290
2016,120,MARKEL IRIZAR ARRANBURU,TREK - SEGAFREDO,334985,14297
2016,121,JÉRÔME COUSIN,"COFIDIS, SOLUTIONS CREDITS",335004,14316
2016,122,ROY CURVERS,TEAM GIANT-ALPECIN,335284,14596
2016,123,GREGORY RAST,TREK - SEGAFREDO,335312,14624
2016,124,G LAWSON CRADDOCK,CANNONDALE DRAPAC TEAM,335312,14624
2016,125,NATNAEL BERHANE,TEAM DIMENSION DATA,335355,14667
2016,126,JURGEN ROELANDTS,LOTTO SOUDAL,335410,14722
2016,127,WILLIAM BONNET,FDJ,335466,14778
2016,128,CESARE BENEDETTI,BORA-ARGON 18,335471,14783
2016,129,ANGEL VICIOSO ARCOS,TEAM KATUSHA,335575,14887
2016,130,SAMUEL DUMOULIN,AG2R LA MONDIALE,335576,14888
2016,131,ALEX HOWES,CANNONDALE DRAPAC TEAM,335590,14902
2016,132,MICHAEL ALBASINI,ORICA-BIKEEXCHANGE,335632,14944
2016,133,ANDRÉ GREIPEL,LOTTO SOUDAL,335635,14947
2016,134,RAMUNAS NAVARDAUSKAS,CANNONDALE DRAPAC TEAM,335668,14980
2016,135,MATHEW HAYMAN,ORICA-BIKEEXCHANGE,335721,15033
2016,136,MATTEO BONO,LAMPRE - MERIDA,335861,15173
2016,137,CYRIL LEMOINE,"COFIDIS, SOLUTIONS CREDITS",335917,15229
2016,138,MAARTEN WYNANTS,TEAM LOTTO NL - JUMBO,336101,15413
2016,139,ILJO KEISSE,ETIXX-QUICK STEP,336105,15417
2016,140,STEPHEN CUMMINGS,TEAM DIMENSION DATA,336111,15423
2016,141,SONDRE HOLST ENGER,IAM CYCLING,336140,15452
2016,142,GEOFFREY SOUPE,"COFIDIS, SOLUTIONS CREDITS",336183,15495
2016,143,RAMON SINKELDAM,TEAM GIANT-ALPECIN,336389,15701
2016,144,MAXIMILIANO RICHEZE,ETIXX-QUICK STEP,336410,15722
2016,145,MATTEO TOSATTO,TINKOFF,336413,15725
2016,146,ARMINDO FONSECA,FORTUNEO - VITAL CONCEPT,336469,15781
2016,147,ALEXIS GOUGEARD,AG2R LA MONDIALE,336510,15822
2016,148,JOHN DEGENKOLB,TEAM GIANT-ALPECIN,336552,15864
2016,149,ALEXANDER KRISTOFF,TEAM KATUSHA,336552,15864
2016,150,FABIO SABATINI,ETIXX-QUICK STEP,336687,15999
2016,151,LUKE ROWE,TEAM SKY,336757,16069
2016,152,KRISTIJAN KOREN,CANNONDALE DRAPAC TEAM,336769,16081
2016,153,ALBERT TIMMER,TEAM GIANT-ALPECIN,336779,16091
2016,154,ANDREAS SCHILLINGER,BORA-ARGON 18,336801,16113
2016,155,GREGORY HENDERSON,LOTTO SOUDAL,336850,16162
2016,156,OSCAR GATTO,TINKOFF,336866,16178
2016,157,CHRISTOPHE LAPORTE,"COFIDIS, SOLUTIONS CREDITS",336875,16187
2016,158,YOHANN GENE,DIRECT ENERGIE,336890,16202
2016,159,MACIEJ BODNAR,TINKOFF,336918,16230
2016,160,DYLAN GROENEWEGEN,TEAM LOTTO NL - JUMBO,336922,16234
2016,161,IAN STANNARD,TEAM SKY,336982,16294
2016,162,MARCO HALLER,TEAM KATUSHA,336988,16300
2016,163,ROBERT WAGNER,TEAM LOTTO NL - JUMBO,337017,16329
2016,164,ADRIEN PETIT,DIRECT ENERGIE,337033,16345
2016,165,JACOPO GUARNIERI,TEAM KATUSHA,337173,16485
2016,166,MARCEL KITTEL,ETIXX-QUICK STEP,337194,16506
2016,167,VEGARD BREEN,FORTUNEO - VITAL CONCEPT,337395,16707
2016,168,DAVIDE CIMOLAI,LAMPRE - MERIDA,337465,16777
2016,169,MARCEL SIEBERG,LOTTO SOUDAL,337512,16824
2016,170,DANIEL MC LAY,FORTUNEO - VITAL CONCEPT,338102,17414
2016,171,BERNHARD EISEL,TEAM DIMENSION DATA,338155,17467
2016,172,LEIGH HOWARD,IAM CYCLING,338401,17713
2016,173,LARS BAK YTTING,LOTTO SOUDAL,338766,18078
2016,174,SAM BENNETT,BORA-ARGON 18,339722,19034
2017,1,CHRIS FROOME,TEAM SKY,310855,0
2017,2,RIGOBERTO URAN,CANNONDALE DRAPAC PROFESSIONAL CYCLING TEAM,310909,54
2017,3,ROMAIN BARDET,AG2R LA MONDIALE,310995,140
2017,4,MIKEL LANDA MEANA,TEAM SKY,310996,141
2017,5,FABIO ARU,ASTANA PRO TEAM,311040,185
2017,6,DANIEL MARTIN,QUICK - STEP FLOORS,311137,282
2017,7,SIMON PHILIP YATES,ORICA - SCOTT,311229,374
2017,8,LOUIS MEINTJES,UAE TEAM EMIRATES,311355,500
2017,9,ALBERTO CONTADOR,TREK - SEGAFREDO,311384,529
2017,10,WARREN BARGUIL,TEAM SUNWEB,311420,565
2017,11,DAMIANO CARUSO,BMC RACING TEAM,311743,888
2017,12,NAIRO QUINTANA,MOVISTAR TEAM,311783,928
2017,13,ALEXIS VUILLERMOZ,AG2R LA MONDIALE,312333,1478
2017,14,MIKEL NIEVE ITURRALDE,TEAM SKY,312383,1528
2017,15,EMANUEL BUCHMANN,BORA - HANSGROHE,312856,2001
2017,16,BRICE FEILLU,TEAM FORTUNEO - OSCARO,313061,2206
2017,17,BAUKE MOLLEMA,TREK - SEGAFREDO,313118,2263
2017,18,CARLOS ALBERTO BETANCUR GOMEZ,MOVISTAR TEAM,313122,2267
2017,19,SERGE PAUWELS,TEAM DIMENSION DATA,313231,2376
2017,20,TIESJ BENOOT,LOTTO SOUDAL,313379,2524
2017,21,TONY GALLOPIN,LOTTO SOUDAL,313414,2559
2017,22,JAN BAKELANTS,AG2R LA MONDIALE,313859,3004
2017,23,GUILLAUME MARTIN GUYONNET,WANTY - GROUPE GOBERT,314087,3232
2017,24,ROMAN KREUZIGER,ORICA - SCOTT,314453,3598
2017,25,SYLVAIN CHAVANEL,DIRECT ENERGIE,314717,3862
2017,26,ROMAIN HARDY,TEAM FORTUNEO - OSCARO,315226,4371
2017,27,DANIEL NAVARRO GARCIA,"COFIDIS, SOLUTIONS CRÉDITS",315381,4526
2017,28,SERGIO LUIS HENAO MONTOYA,TEAM SKY,315447,4592
2017,29,PIERRE LATOUR,AG2R LA MONDIALE,315580,4725
2017,30,MATHIAS FRANK,AG2R LA MONDIALE,315731,4876
2017,31,ROBERT KIŠERLOVSKI,TEAM KATUSHA ALPECIN,315980,5125
2017,32,AMAEL MOINARD,BMC RACING TEAM,316377,5522
2017,33,NICOLAS ROCHE,BMC RACING TEAM,316410,5555
2017,34,THOMAS DEGAND,WANTY - GROUPE GOBERT,316497,5642
2017,35,LILIAN CALMEJANE,DIRECT ENERGIE,316571,5716
2017,36,RUDY MOLARD,FDJ,316610,5755
2017,37,BEN GASTAUER,AG2R LA MONDIALE,316768,5913
2017,38,PRIMOZ ROGLIC,TEAM LOTTO NL - JUMBO,317136,6281
2017,39,DIEGO ULISSI,UAE TEAM EMIRATES,317178,6323
2017,40,MARCO MINNAARD,WANTY - GROUPE GOBERT,317346,6491
2017,41,JOHN DARWIN ATAPUMA HURTADO,UAE TEAM EMIRATES,317486,6631
2017,42,PIERRE LUC PERICHON,TEAM FORTUNEO - OSCARO,317904,7049
2017,43,NATHAN BROWN,CANNONDALE DRAPAC PROFESSIONAL CYCLING TEAM,317927,7072
2017,44,ANDREY ZEITS,ASTANA PRO TEAM,318004,7149
2017,45,JANEZ BRAJKOVIC,BAHRAIN - MERIDA,318093,7238
2017,46,JARLINSON PANTANO GOMEZ,TREK - SEGAFREDO,318145,7290
2017,47,DARYL IMPEY,ORICA - SCOTT,318174,7319
2017,48,CYRIL GAUTIER,AG2R LA MONDIALE,318259,7404
2017,49,ANDREW TALANSKY,CANNONDALE DRAPAC PROFESSIONAL CYCLING TEAM,318262,7407
2017,50,KRISTIJAN ÐURASEK,UAE TEAM EMIRATES,318348,7493
2017,51,THOMAS DE GENDT,LOTTO SOUDAL,318391,7536
2017,52,HAIMAR ZUBELDIA,TREK - SEGAFREDO,318445,7590
2017,53,GIANLUCA BRAMBILLA,QUICK - STEP FLOORS,318472,7617
2017,54,PIERRE ROLLAND,CANNONDALE DRAPAC PROFESSIONAL CYCLING TEAM,318769,7914
2017,55,MAXIME BOUET,TEAM FORTUNEO - OSCARO,318858,8003
2017,56,LUIS ANGEL MATE MARDONES,"COFIDIS, SOLUTIONS CRÉDITS",318983,8128
2017,57,MICHAL KWIATKOWSKI,TEAM SKY,319123,8268
2017,58,GREG VAN AVERMAET,BMC RACING TEAM,319209,8354
2017,59,JENS KEUKELEIRE,ORICA - SCOTT,319401,8546
2017,60,JONATHAN CASTROVIEJO NICOLAS,MOVISTAR TEAM,319419,8564
2017,61,MICHAEL VALGREN,ASTANA PRO TEAM,319591,8736
2017,62,JHOAN ESTEBAN CHAVES RUBIO,ORICA - SCOTT,319709,8854
2017,63,OLIVER NAESEN,AG2R LA MONDIALE,319737,8882
2017,64,SIMON GESCHKE,TEAM SUNWEB,319792,8937
2017,65,EDUARDO SEPULVEDA,TEAM FORTUNEO - OSCARO,319920,9065
2017,66,ROMAIN SICARD,DIRECT ENERGIE,320059,9204
2017,67,LAURENS TEN DAM,TEAM SUNWEB,320151,9296
2017,68,AXEL DOMONT,AG2R LA MONDIALE,320188,9333
2017,69,MICHAEL MATTHEWS,TEAM SUNWEB,320251,9396
2017,70,KOEN DE KORT,TREK - SEGAFREDO,320368,9513
2017,71,ALEXEY LUTSENKO,ASTANA PRO TEAM,320405,9550
2017,72,MICHAEL SCHÄR,BMC RACING TEAM,320569,9714
2017,73,TSGABU GEBREMARYAM GRMAY,BAHRAIN - MERIDA,320590,9735
2017,74,TIAGO MACHADO,TEAM KATUSHA ALPECIN,320671,9816
2017,75,MAURITS LAMMERTINK,TEAM KATUSHA ALPECIN,320696,9841
2017,76,NICOLAS EDET,"COFIDIS, SOLUTIONS CRÉDITS",320766,9911
2017,77,DYLAN VAN BAARLE,CANNONDALE DRAPAC PROFESSIONAL CYCLING TEAM,320886,10031
2017,78,EDVALD BOASSON-HAGEN,TEAM DIMENSION DATA,320947,10092
2017,79,STEFAN KÜNG,BMC RACING TEAM,321012,10157
2017,80,PAWEL POLJANSKI,BORA - HANSGROHE,321277,10422
2017,81,DANILO WYSS,BMC RACING TEAM,321286,10431
2017,82,PAUL MARTENS,TEAM LOTTO NL - JUMBO,321309,10454
2017,83,BEN SWIFT,UAE TEAM EMIRATES,321343,10488
2017,84,NIKIAS ARNDT,TEAM SUNWEB,321349,10494
2017,85,ELIE GESBERT,TEAM FORTUNEO - OSCARO,321368,10513
2017,86,SIMON CLARKE,CANNONDALE DRAPAC PROFESSIONAL CYCLING TEAM,321382,10527
2017,87,ANDREY AMADOR,MOVISTAR TEAM,321458,10603
2017,88,DAMIEN CRAIG HOWSON,ORICA - SCOTT,321472,10617
2017,89,ANGELO TULIK,DIRECT ENERGIE,321480,10625
2017,90,ALBERTO BETTIOL,CANNONDALE DRAPAC PROFESSIONAL CYCLING TEAM,321531,10676
2017,91,THOMAS VOECKLER,DIRECT ENERGIE,321586,10731
2017,92,IMANOL ERVITI,MOVISTAR TEAM,321676,10821
2017,93,BAKHTIYAR KOZHATAYEV,ASTANA PRO TEAM,321906,11051
2017,94,JAY MC CARTHY,BORA - HANSGROHE,321968,11113
2017,95,NILS POLITT,TEAM KATUSHA ALPECIN,322007,11152
2017,96,MARCO MARCATO,UAE TEAM EMIRATES,322008,11153
2017,97,JESUS HERRADA,MOVISTAR TEAM,322020,11165
2017,98,MICHAEL ALBASINI,ORICA - SCOTT,322070,11215
2017,99,ALESSANDRO DE MARCHI,BMC RACING TEAM,322100,11245
2017,100,PIETER VANSPEYBROUCK,WANTY - GROUPE GOBERT,322233,11378
2017,101,TONY MARTIN,TEAM KATUSHA ALPECIN,322273,11418
2017,102,ZDENEK STYBAR,QUICK - STEP FLOORS,322387,11532
2017,103,FLORIAN VACHON,TEAM FORTUNEO - OSCARO,322445,11590
2017,104,DANIELE BENNATI,MOVISTAR TEAM,322479,11624
2017,105,JACK BAUER,QUICK - STEP FLOORS,322568,11713
2017,106,PERRIG QUEMENEUR,DIRECT ENERGIE,322595,11740
2017,107,SCOTT THWAITES,TEAM DIMENSION DATA,322643,11788
2017,108,JASHA SÜTTERLIN,MOVISTAR TEAM,322728,11873
2017,109,YUKIYA ARASHIRO,BAHRAIN - MERIDA,322751,11896
2017,110,YOANN OFFREDO,WANTY - GROUPE GOBERT,322905,12050
2017,111,MATTEO BONO,UAE TEAM EMIRATES,322914,12059
2017,112,VASILI KIRYIENKA,TEAM SKY,322930,12075
2017,113,ADAM JAMES HANSEN,LOTTO SOUDAL,323006,12151
2017,114,PATRICK BEVIN,CANNONDALE DRAPAC PROFESSIONAL CYCLING TEAM,323035,12180
2017,115,DMITRIY GRUZDEV,ASTANA PRO TEAM,323137,12282
2017,116,MACIEJ BODNAR,BORA - HANSGROHE,323273,12418
2017,117,JULIEN SIMON,"COFIDIS, SOLUTIONS CRÉDITS",323416,12561
2017,118,REINARDT JANSE VAN RENSBURG,TEAM DIMENSION DATA,323509,12654
2017,119,JAVIER MORENO BAZAN,BAHRAIN - MERIDA,323581,12726
2017,120,ANDREY GRIVKO,ASTANA PRO TEAM,323589,12734
2017,121,JOHN DEGENKOLB,TREK - SEGAFREDO,323769,12914
2017,122,SONNY COLBRELLI,BAHRAIN - MERIDA,323837,12982
2017,123,LARS BAK YTTING,LOTTO SOUDAL,323879,13024
2017,124,DION SMITH,WANTY - GROUPE GOBERT,324019,13164
2017,125,LAURENT PICHON,TEAM FORTUNEO - OSCARO,324040,13185
2017,126,ADRIEN PETIT,DIRECT ENERGIE,324149,13294
2017,127,VEGARD STAKE LAENGEN,UAE TEAM EMIRATES,324167,13312
2017,128,CYRIL LEMOINE,"COFIDIS, SOLUTIONS CRÉDITS",324280,13425
2017,129,MIKE TEUNISSEN,TEAM SUNWEB,324287,13432
2017,130,ALEXANDER KRISTOFF,TEAM KATUSHA ALPECIN,324395,13540
2017,131,MARCUS BURGHARDT,BORA - HANSGROHE,324412,13557
2017,132,FREDERIK BACKAERT,WANTY - GROUPE GOBERT,324451,13596
2017,133,CHRISTOPHE LAPORTE,"COFIDIS, SOLUTIONS CRÉDITS",324462,13607
2017,134,YOHANN GENE,DIRECT ENERGIE,324483,13628
2017,135,MARKEL IRIZAR ARRANBURU,TREK - SEGAFREDO,324485,13630
2017,136,JURGEN ROELANDTS,LOTTO SOUDAL,324495,13640
2017,137,ANDREA PASQUALON,WANTY - GROUPE GOBERT,324733,13878
2017,138,NACER BOUHANNI,"COFIDIS, SOLUTIONS CRÉDITS",324744,13889
2017,139,JULIEN VERMOTE,QUICK - STEP FLOORS,324829,13974
2017,140,THOMAS BOUDAT,DIRECT ENERGIE,324843,13988
2017,141,STEPHEN CUMMINGS,TEAM DIMENSION DATA,324845,13990
2017,142,ROY CURVERS,TEAM SUNWEB,324873,14018
2017,143,GREGA BOLE,BAHRAIN - MERIDA,324984,14129
2017,144,CHRISTIAN KNEES,TEAM SKY,324986,14131
2017,145,RICK ZABEL,TEAM KATUSHA ALPECIN,325003,14148
2017,146,MICHAEL GOGL,TREK - SEGAFREDO,325201,14346
2017,147,GUILLAUME VAN KEIRSBULCK,WANTY - GROUPE GOBERT,325243,14388
2017,148,RAMON SINKELDAM,TEAM SUNWEB,325369,14514
2017,149,ANDRÉ GREIPEL,LOTTO SOUDAL,325429,14574
2017,150,RETO HOLLENSTEIN,TEAM KATUSHA ALPECIN,325480,14625
2017,151,MATHEW HAYMAN,ORICA - SCOTT,325572,14717
2017,152,DAVIDE CIMOLAI,FDJ,325630,14775
2017,153,BERNHARD EISEL,TEAM DIMENSION DATA,325873,15018
2017,154,FABIO SABATINI,QUICK - STEP FLOORS,325880,15025
2017,155,MARCO HALLER,TEAM KATUSHA ALPECIN,326085,15230
2017,156,DYLAN GROENEWEGEN,TEAM LOTTO NL - JUMBO,326217,15362
2017,157,ALBERT TIMMER,TEAM SUNWEB,326236,15381
2017,158,OLIVIER LE GAC,FDJ,326296,15441
2017,159,TAYLOR PHINNEY,CANNONDALE DRAPAC PROFESSIONAL CYCLING TEAM,326350,15495
2017,160,BORUT BOZIC,BAHRAIN - MERIDA,326376,15521
2017,161,FLORIAN SENECHAL,"COFIDIS, SOLUTIONS CRÉDITS",326412,15557
2017,162,JACOBUS VENTER,TEAM DIMENSION DATA,326471,15616
2017,163,DIMITRI CLAEYS,"COFIDIS, SOLUTIONS CRÉDITS",326756,15901
2017,164,ROBERT WAGNER,TEAM LOTTO NL - JUMBO,326767,15912
2017,165,RÜDIGER SELIG,BORA - HANSGROHE,326858,16003
2017,166,THOMAS LEEZER,TEAM LOTTO NL - JUMBO,327196,16341
2017,167,LUKE ROWE,TEAM SKY,327407,16552
2018,1,GERAINT THOMAS,TEAM SKY,299833,0
2018,2,TOM DUMOULIN,TEAM SUNWEB,299944,111
2018,3,CHRIS FROOME,TEAM SKY,299977,144
2018,4,PRIMOZ ROGLIC,TEAM LOTTO NL - JUMBO,300035,202
2018,5,STEVEN KRUIJSWIJK,TEAM LOTTO NL - JUMBO,300201,368
2018,6,ROMAIN BARDET,AG2R LA MONDIALE,300250,417
2018,7,MIKEL LANDA MEANA,MOVISTAR TEAM,300290,457
2018,8,DANIEL MARTIN,UAE TEAM EMIRATES,300378,545
2018,9,ILNUR ZAKARIN,TEAM KATUSHA ALPECIN,300590,757
2018,10,NAIRO QUINTANA,MOVISTAR TEAM,300691,858
2018,11,BOB JUNGELS,QUICK - STEP FLOORS,300825,992
2018,12,JAKOB FUGLSANG,ASTANA PRO TEAM,301019,1186
2018,13,PIERRE LATOUR,AG2R LA MONDIALE,301166,1333
2018,14,ALEJANDRO VALVERDE,MOVISTAR TEAM,301479,1646
2018,15,EGAN BERNAL GOMEZ,TEAM SKY,301505,1672
2018,16,TANEL KANGERT,ASTANA PRO TEAM,301925,2092
2018,17,WARREN BARGUIL,TEAM FORTUNEO - SAMSIC,302059,2226
2018,18,DOMENICO POZZOVIVO,BAHRAIN - MERIDA,302181,2348
2018,19,RAFAL MAJKA,BORA - HANSGROHE,302230,2397
2018,20,DAMIANO CARUSO,BMC RACING TEAM,302384,2551
2018,21,GUILLAUME MARTIN GUYONNET,WANTY - GROUPE GOBERT,302491,2658
2018,22,ION IZAGIRRE INSAUSTI,BAHRAIN - MERIDA,302629,2796
2018,23,MIKEL NIEVE ITURRALDE,MITCHELTON - SCOTT,302792,2959
2018,24,GORKA IZAGIRRE INSAUSTI,BAHRAIN - MERIDA,302835,3002
2018,25,SIMON GESCHKE,TEAM SUNWEB,302848,3015
2018,26,BAUKE MOLLEMA,TREK - SEGAFREDO,303826,3993
2018,27,PIERRE ROLLAND,TEAM EF EDUCATION FIRST - DRAPAC P/B CANNONDALE,303982,4149
2018,28,GREG VAN AVERMAET,BMC RACING TEAM,304047,4214
2018,29,ADAM YATES,MITCHELTON - SCOTT,304488,4655
2018,30,LILIAN CALMEJANE,DIRECT ENERGIE,304522,4689
2018,31,ROBERT GESINK,TEAM LOTTO NL - JUMBO,304706,4873
2018,32,TEJAY VAN GARDEREN,BMC RACING TEAM,304818,4985
2018,33,JULIAN ALAPHILIPPE,QUICK - STEP FLOORS,305121,5288
2018,34,DAVID GAUDU,GROUPAMA - FDJ,305234,5401
2018,35,JULIEN BERNARD,TREK - SEGAFREDO,305485,5652
2018,36,DANIEL FELIPE MARTINEZ POVEDA,TEAM EF EDUCATION FIRST - DRAPAC P/B CANNONDALE,305751,5918
2018,37,ANTWAN TOLHOEK,TEAM LOTTO NL - JUMBO,305774,5941
2018,38,RUDY MOLARD,GROUPAMA - FDJ,306289,6456
2018,39,SYLVAIN CHAVANEL,DIRECT ENERGIE,306300,6467
2018,40,KRISTIJAN ÐURASEK,UAE TEAM EMIRATES,306319,6486
2018,41,ARTHUR VICHOT,GROUPAMA - FDJ,306512,6679
2018,42,MAXIME BOUET,TEAM FORTUNEO - SAMSIC,306921,7088
2018,43,NICOLAS EDET,"COFIDIS, SOLUTIONS CREDITS",306967,7134
2018,44,MICHAEL VALGREN,ASTANA PRO TEAM,306993,7160
2018,45,DANIEL NAVARRO GARCIA,"COFIDIS, SOLUTIONS CREDITS",307065,7232
2018,46,DARYL IMPEY,MITCHELTON - SCOTT,307086,7253
2018,47,JESUS HERRADA,"COFIDIS, SOLUTIONS CREDITS",307145,7312
2018,48,AMAEL MOINARD,TEAM FORTUNEO - SAMSIC,307233,7400
2018,49,MICHAL KWIATKOWSKI,TEAM SKY,307362,7529
2018,50,ANDREY AMADOR,MOVISTAR TEAM,307371,7538
2018,51,LAURENS TEN DAM,TEAM SUNWEB,307415,7582
2018,52,SOREN KRAGH ANDERSEN,TEAM SUNWEB,307416,7583
2018,53,STEFAN KÜNG,BMC RACING TEAM,307467,7634
2018,54,THOMAS DEGAND,WANTY - GROUPE GOBERT,307627,7794
2018,55,MATHIAS FRANK,AG2R LA MONDIALE,307662,7829
2018,56,JESPER HANSEN,ASTANA PRO TEAM,307666,7833
2018,57,OMAR FRAILE MATARRANZ,ASTANA PRO TEAM,307692,7859
2018,58,WOUT POELS,TEAM SKY,307836,8003
2018,59,TOM-JELTE SLAGTER,TEAM DIMENSION DATA,307871,8038
2018,60,FRANCO PELLIZOTTI,BAHRAIN - MERIDA,308085,8252
2018,61,PAVEL KOCHETKOV,TEAM KATUSHA ALPECIN,308105,8272
2018,62,MARC SOLER,MOVISTAR TEAM,308164,8331
2018,63,JASPER STUYVEN,TREK - SEGAFREDO,308257,8424
2018,64,MARCO MINNAARD,WANTY - GROUPE GOBERT,308264,8431
2018,65,THOMAS DE GENDT,LOTTO SOUDAL,308514,8681
2018,66,OLIVER NAESEN,AG2R LA MONDIALE,308809,8976
2018,67,NIKIAS ARNDT,TEAM SUNWEB,308955,9122
2018,68,MAGNUS CORT NIELSEN,ASTANA PRO TEAM,308979,9146
2018,69,JHON DARWIN ATAPUMA HURTADO,UAE TEAM EMIRATES,309180,9347
2018,70,JONATHAN CASTROVIEJO NICOLAS,TEAM SKY,309199,9366
2018,71,PETER SAGAN,BORA - HANSGROHE,309321,9488
2018,72,CHAD HAGA,TEAM SUNWEB,309413,9580
2018,73,ROMAIN SICARD,DIRECT ENERGIE,309606,9773
2018,74,TOBIAS LUDVIGSSON,GROUPAMA - FDJ,309773,9940
2018,75,JULIEN VERMOTE,TEAM DIMENSION DATA,309790,9957
2018,76,GREGOR MÜHLBERGER,BORA - HANSGROHE,309806,9973
2018,77,IMANOL ERVITI,MOVISTAR TEAM,309899,10066
2018,78,KOEN DE KORT,TREK - SEGAFREDO,309942,10109
2018,79,IAN BOSWELL,TEAM KATUSHA ALPECIN,310140,10307
2018,80,YVES LAMPAERT,QUICK - STEP FLOORS,310190,10357
2018,81,PAUL MARTENS,TEAM LOTTO NL - JUMBO,310199,10366
2018,82,TOMS SKUJINS,TREK - SEGAFREDO,310254,10421
2018,83,SILVAN DILLIER,AG2R LA MONDIALE,310348,10515
2018,84,EDVALD BOASSON-HAGEN,TEAM DIMENSION DATA,310453,10620
2018,85,ANTHONY PEREZ,"COFIDIS, SOLUTIONS CREDITS",310569,10736
2018,86,ELIE GESBERT,TEAM FORTUNEO - SAMSIC,310681,10848
2018,87,NILS POLITT,TEAM KATUSHA ALPECIN,310687,10854
2018,88,EDWARD THEUNS,TEAM SUNWEB,310768,10935
2018,89,THOMAS BOUDAT,DIRECT ENERGIE,310880,11047
2018,90,MICHAEL SCHÄR,BMC RACING TEAM,310887,11054
2018,91,YOANN OFFREDO,WANTY - GROUPE GOBERT,310900,11067
2018,92,MARCUS BURGHARDT,BORA - HANSGROHE,310921,11088
2018,93,JÉRÔME COUSIN,DIRECT ENERGIE,310967,11134
2018,94,PAWEL POLJANSKI,BORA - HANSGROHE,311067,11234
2018,95,ANDREA PASQUALON,WANTY - GROUPE GOBERT,311207,11374
2018,96,KÉVIN LEDANOIS,TEAM FORTUNEO - SAMSIC,311348,11515
2018,97,DION SMITH,WANTY - GROUPE GOBERT,311377,11544
2018,98,LAURENT PICHON,TEAM FORTUNEO - SAMSIC,311399,11566
2018,99,FLORIAN VACHON,TEAM FORTUNEO - SAMSIC,311460,11627
2018,100,SIMON CLARKE,TEAM EF EDUCATION FIRST - DRAPAC P/B CANNONDALE,311573,11740
2018,101,JULIEN SIMON,"COFIDIS, SOLUTIONS CREDITS",311588,11755
2018,102,KRISTIJAN KOREN,BAHRAIN - MERIDA,311647,11814
2018,103,TOMASZ MARCZYNSKI,LOTTO SOUDAL,311783,11950
2018,104,DANIELE BENNATI,MOVISTAR TEAM,311795,11962
2018,105,ROMAIN HARDY,TEAM FORTUNEO - SAMSIC,311822,11989
2018,106,RORY SUTHERLAND,UAE TEAM EMIRATES,311915,12082
2018,107,SIMON GERRANS,BMC RACING TEAM,311930,12097
2018,108,MATHEW HAYMAN,MITCHELTON - SCOTT,311948,12115
2018,109,SONNY COLBRELLI,BAHRAIN - MERIDA,311948,12115
2018,110,REINARDT JANSE VAN RENSBURG,TEAM DIMENSION DATA,312098,12265
2018,111,JOHN DEGENKOLB,TREK - SEGAFREDO,312228,12395
2018,112,DANIEL OSS,BORA - HANSGROHE,312582,12749
2018,113,MICHAEL GOGL,TREK - SEGAFREDO,312607,12774
2018,114,ALEXANDER KRISTOFF,UAE TEAM EMIRATES,312646,12813
2018,115,SEP VANMARCKE,TEAM EF EDUCATION FIRST - DRAPAC P/B CANNONDALE,312690,12857
2018,116,ANTHONY TURGIS,"COFIDIS, SOLUTIONS CREDITS",312804,12971
2018,117,MICHAEL HEPBURN,MITCHELTON - SCOTT,312823,12990
2018,118,LUKE DURBRIDGE,MITCHELTON - SCOTT,312874,13041
2018,119,NIKI TERPSTRA,QUICK - STEP FLOORS,312884,13051
2018,120,FABIEN GRELLIER,DIRECT ENERGIE,312909,13076
2018,121,JACK BAUER,MITCHELTON - SCOTT,312975,13142
2018,122,MACIEJ BODNAR,BORA - HANSGROHE,312993,13160
2018,123,GUILLAUME VAN KEIRSBULCK,WANTY - GROUPE GOBERT,313063,13230
2018,124,CHRISTOPHE LAPORTE,"COFIDIS, SOLUTIONS CREDITS",313148,13315
2018,125,HEINRICH HAUSSLER,BAHRAIN - MERIDA,313177,13344
2018,126,MARCO MARCATO,UAE TEAM EMIRATES,313207,13374
2018,127,OLIVIER LE GAC,GROUPAMA - FDJ,313576,13743
2018,128,LUKE ROWE,TEAM SKY,313688,13855
2018,129,TOM SCULLY,TEAM EF EDUCATION FIRST - DRAPAC P/B CANNONDALE,313692,13859
2018,130,DIMITRI CLAEYS,"COFIDIS, SOLUTIONS CREDITS",313708,13875
2018,131,TIMOTHY DUPONT,WANTY - GROUPE GOBERT,313709,13876
2018,132,LUKAS PÖSTLBERGER,BORA - HANSGROHE,314046,14213
2018,133,OLIVIERO TROIA,UAE TEAM EMIRATES,314055,14222
2018,134,RAMON SINKELDAM,GROUPAMA - FDJ,314114,14281
2018,135,MAXIMILIANO RICHEZE,QUICK - STEP FLOORS,314171,14338
2018,136,TAYLOR PHINNEY,TEAM EF EDUCATION FIRST - DRAPAC P/B CANNONDALE,314180,14347
2018,137,TIMO ROOSEN,TEAM LOTTO NL - JUMBO,314298,14465
2018,138,ROBERTO FERRARI,UAE TEAM EMIRATES,314327,14494
2018,139,AMUND GRØNDAHL JANSEN,TEAM LOTTO NL - JUMBO,314357,14524
2018,140,DAMIEN GAUDIN,DIRECT ENERGIE,314360,14527
2018,141,ARNAUD DEMARE,GROUPAMA - FDJ,314731,14898
2018,142,JASPER DE BUYST,LOTTO SOUDAL,314767,14934
2018,143,JAY ROBERT THOMSON,TEAM DIMENSION DATA,314822,14989
2018,144,JACOPO GUARNIERI,GROUPAMA - FDJ,314982,15149
2018,145,G LAWSON CRADDOCK,TEAM EF EDUCATION FIRST - DRAPAC P/B CANNONDALE,316292,16459
2019,1,EGAN BERNAL GOMEZ,TEAM INEOS,298620,0
2019,2,GERAINT THOMAS,TEAM INEOS,298691,71
2019,3,STEVEN KRUIJSWIJK,TEAM JUMBO - VISMA,298711,91
2019,4,EMANUEL BUCHMANN,BORA - HANSGROHE,298736,116
2019,5,JULIAN ALAPHILIPPE,DECEUNINCK - QUICK - STEP,298865,245
2019,6,MIKEL LANDA MEANA,MOVISTAR TEAM,298883,263
2019,7,RIGOBERTO URAN,EF EDUCATION FIRST,298935,315
2019,8,NAIRO QUINTANA,MOVISTAR TEAM,298950,330
2019,9,ALEJANDRO VALVERDE,MOVISTAR TEAM,298992,372
2019,10,WARREN BARGUIL,TEAM ARKEA - SAMSIC,299072,452
2019,11,RICHIE PORTE,TREK - SEGAFREDO,299382,762
2019,12,GUILLAUME MARTIN GUYONNET,WANTY - GOBERT CYCLING TEAM,299948,1328
2019,13,DAVID GAUDU,GROUPAMA - FDJ,300058,1438
2019,14,FABIO ARU,UAE TEAM EMIRATES,300276,1656
2019,15,ROMAIN BARDET,AG2R LA MONDIALE,300443,1823
2019,16,ROMAN KREUZIGER,TEAM DIMENSION DATA,300789,2169
2019,17,SÉBASTIEN REICHENBACH,GROUPAMA - FDJ,301289,2669
2019,18,DANIEL MARTIN,UAE TEAM EMIRATES,301341,2721
2019,19,ALEXEY LUTSENKO,ASTANA PRO TEAM,301552,2932
2019,20,JESUS HERRADA,"COFIDIS, SOLUTIONS CREDITS",301737,3117
2019,21,XANDRO MEURISSE,WANTY - GOBERT CYCLING TEAM,302027,3407
2019,22,ENRIC MAS NICOLAU,DECEUNINCK - QUICK - STEP,302120,3500
2019,23,LAURENS DE PLUS,TEAM JUMBO - VISMA,302384,3764
2019,24,GEORGE BENNETT,TEAM JUMBO - VISMA,302500,3880
2019,25,GREGOR MÜHLBERGER,BORA - HANSGROHE,302500,3880
2019,26,WOUT POELS,TEAM INEOS,302965,4345
2019,27,TANEL KANGERT,EF EDUCATION FIRST,302976,4356
2019,28,BAUKE MOLLEMA,TREK - SEGAFREDO,303118,4498
2019,29,ADAM YATES,MITCHELTON - SCOTT,303230,4610
2019,30,JULIEN BERNARD,TREK - SEGAFREDO,303427,4807
2019,31,GIULIO CICCONE,TREK - SEGAFREDO,303469,4849
2019,32,MICHAEL RUSSELL WOODS,EF EDUCATION FIRST,303480,4860
2019,33,RUDY MOLARD,GROUPAMA - FDJ,303497,4877
2019,34,MIKAEL CHEREL,AG2R LA MONDIALE,303572,4952
2019,35,PATRICK KONRAD,BORA - HANSGROHE,303695,5075
2019,36,GREG VAN AVERMAET,CCC TEAM,303896,5276
2019,37,MARC SOLER,MOVISTAR TEAM,304365,5745
2019,38,JACK HAIG,MITCHELTON - SCOTT,304439,5819
2019,39,VINCENZO NIBALI,BAHRAIN - MERIDA,304442,5822
2019,40,LENNARD KÄMNA,TEAM SUNWEB,304596,5976
2019,41,ALEXIS VUILLERMOZ,AG2R LA MONDIALE,304627,6007
2019,42,GORKA IZAGIRRE INSAUSTI,ASTANA PRO TEAM,304637,6017
2019,43,JASPER STUYVEN,TREK - SEGAFREDO,304842,6222
2019,44,DYLAN TEUNS,BAHRAIN - MERIDA,304877,6257
2019,45,NICOLAS ROCHE,TEAM SUNWEB,305060,6440
2019,46,DYLAN VAN BAARLE,TEAM INEOS,305318,6698
2019,47,SERGIO LUIS HENAO MONTOYA,UAE TEAM EMIRATES,305377,6757
2019,48,MATHIAS FRANK,AG2R LA MONDIALE,305451,6831
2019,49,SIMON PHILIP YATES,MITCHELTON - SCOTT,305454,6834
2019,50,JONATHAN CASTROVIEJO NICOLAS,TEAM INEOS,305482,6862
2019,51,ILNUR ZAKARIN,TEAM KATUSHA ALPECIN,305577,6957
2019,52,MATTEO TRENTIN,MITCHELTON - SCOTT,305678,7058
2019,53,RUI COSTA,UAE TEAM EMIRATES,305762,7142
2019,54,PELLO BILBAO LOPEZ DE ARMENTIA,ASTANA PRO TEAM,305770,7150
2019,55,ANDREY AMADOR,MOVISTAR TEAM,305815,7195
2019,56,TONY GALLOPIN,AG2R LA MONDIALE,306000,7380
2019,57,PIERRE LUC PERICHON,"COFIDIS, SOLUTIONS CREDITS",306155,7535
2019,58,DAMIANO CARUSO,BAHRAIN - MERIDA,306255,7635
2019,59,TIESJ BENOOT,LOTTO SOUDAL,306268,7648
2019,60,THOMAS DE GENDT,LOTTO SOUDAL,306453,7833
2019,61,SIMON CLARKE,EF EDUCATION FIRST,306523,7903
2019,62,BENJAMIN KING,TEAM DIMENSION DATA,306540,7920
2019,63,SIMON GESCHKE,CCC TEAM,306625,8005
2019,64,NILS POLITT,TEAM KATUSHA ALPECIN,306688,8068
2019,65,FABIO FELLINE,TREK - SEGAFREDO,306723,8103
2019,66,REIN TAARAMÄE,TOTAL DIRECT ENERGIE,306762,8142
2019,67,MICHAEL MATTHEWS,TEAM SUNWEB,306814,8194
2019,68,OLIVER NAESEN,AG2R LA MONDIALE,306823,8203
2019,69,ALBERTO BETTIOL,EF EDUCATION FIRST,306966,8346
2019,70,MICHAEL SCHÄR,CCC TEAM,307005,8385
2019,71,OMAR FRAILE MATARRANZ,ASTANA PRO TEAM,307012,8392
2019,72,DARYL IMPEY,MITCHELTON - SCOTT,307318,8698
2019,73,JOSEPH ROSSKOPF,CCC TEAM,307416,8796
2019,74,MAXIME BOUET,TEAM ARKEA - SAMSIC,307504,8884
2019,75,MICHAEL VALGREN,TEAM DIMENSION DATA,307507,8887
2019,76,EDVALD BOASSON-HAGEN,TEAM DIMENSION DATA,307519,8899
2019,77,SERGE PAUWELS,CCC TEAM,307754,9134
2019,78,ELIE GESBERT,TEAM ARKEA - SAMSIC,307802,9182
2019,79,NELSON OLIVEIRA,MOVISTAR TEAM,307971,9351
2019,80,ROMAIN SICARD,TOTAL DIRECT ENERGIE,308126,9506
2019,81,TOMS SKUJINS,TREK - SEGAFREDO,308210,9590
2019,82,PETER SAGAN,BORA - HANSGROHE,308484,9864
2019,83,MICHAL KWIATKOWSKI,TEAM INEOS,308594,9974
2019,84,GIANNI MOSCON,TEAM INEOS,308663,10043
2019,85,SONNY COLBRELLI,BAHRAIN - MERIDA,308727,10107
2019,86,NATNAEL BERHANE,"COFIDIS, SOLUTIONS CREDITS",308785,10165
2019,87,ANTHONY PEREZ,"COFIDIS, SOLUTIONS CREDITS",308916,10296
2019,88,ANDREA PASQUALON,WANTY - GOBERT CYCLING TEAM,309025,10405
2019,89,DANIEL OSS,BORA - HANSGROHE,309116,10496
2019,90,ANTHONY DELAPLACE,TEAM ARKEA - SAMSIC,309123,10503
2019,91,HUGO HOULE,ASTANA PRO TEAM,309191,10571
2019,92,AMAEL MOINARD,TEAM ARKEA - SAMSIC,309377,10757
2019,93,JAN TRATNIK,BAHRAIN - MERIDA,309457,10837
2019,94,TIM WELLENS,LOTTO SOUDAL,309523,10903
2019,95,PAUL OURSELIN,TOTAL DIRECT ENERGIE,309527,10907
2019,96,STEFAN KÜNG,GROUPAMA - FDJ,309578,10958
2019,97,DRIES DEVENYNS,DECEUNINCK - QUICK - STEP,309582,10962
2019,98,JENS KEUKELEIRE,LOTTO SOUDAL,309649,11029
2019,99,IMANOL ERVITI,MOVISTAR TEAM,309694,11074
2019,100,STÉPHANE ROSSETTO,"COFIDIS, SOLUTIONS CREDITS",309735,11115
2019,101,MIKE TEUNISSEN,TEAM JUMBO - VISMA,309834,11214
2019,102,ANTHONY ROUX,GROUPAMA - FDJ,309949,11329
2019,103,KÉVIN LEDANOIS,TEAM ARKEA - SAMSIC,310157,11537
2019,104,MAGNUS CORT NIELSEN,ASTANA PRO TEAM,310162,11542
2019,105,CARLOS VERONA QUINTANILLA,MOVISTAR TEAM,310205,11585
2019,106,LILIAN CALMEJANE,TOTAL DIRECT ENERGIE,310236,11616
2019,107,VEGARD STAKE LAENGEN,UAE TEAM EMIRATES,310344,11724
2019,108,JULIEN SIMON,"COFIDIS, SOLUTIONS CREDITS",310448,11828
2019,109,LUKE DURBRIDGE,MITCHELTON - SCOTT,310536,11916
2019,110,SVEN ERIK BYSTROM,UAE TEAM EMIRATES,310600,11980
2019,111,ODD CHRISTIAN EIKING,WANTY - GOBERT CYCLING TEAM,310618,11998
2019,112,JUUL CHRISTOPHER JENSEN,MITCHELTON - SCOTT,310762,12142
2019,113,BENOIT COSNEFROY,AG2R LA MONDIALE,310977,12357
2019,114,IVAN GARCIA CORTINA,BAHRAIN - MERIDA,310983,12363
2019,115,ALEXIS GOUGEARD,AG2R LA MONDIALE,311050,12430
2019,116,NIKIAS ARNDT,TEAM SUNWEB,311083,12463
2019,117,MADS WÜRTZ SCHMIDT,TEAM KATUSHA ALPECIN,311182,12562
2019,118,JASPER DE BUYST,LOTTO SOUDAL,311316,12696
2019,119,MATEJ MOHORIC,BAHRAIN - MERIDA,311443,12823
2019,120,FREDERIK BACKAERT,WANTY - GOBERT CYCLING TEAM,311460,12840
2019,121,FABIEN GRELLIER,TOTAL DIRECT ENERGIE,311532,12912
2019,122,KASPER ASGREEN,DECEUNINCK - QUICK - STEP,311718,13098
2019,123,FLORIAN VACHON,TEAM ARKEA - SAMSIC,312022,13402
2019,124,REINARDT JANSE VAN RENSBURG,TEAM DIMENSION DATA,312070,13450
2019,125,KOEN DE KORT,TREK - SEGAFREDO,312108,13488
2019,126,MATTHIEU LADAGNOUS,GROUPAMA - FDJ,312131,13511
2019,127,LUKASZ WISNIOWSKI,CCC TEAM,312214,13594
2019,128,JOSÉ GONÇALVES,TEAM KATUSHA ALPECIN,312255,13635
2019,129,STEPHEN CUMMINGS,TEAM DIMENSION DATA,312405,13785
2019,130,ELIA VIVIANI,DECEUNINCK - QUICK - STEP,312577,13957
2019,131,ANTHONY TURGIS,TOTAL DIRECT ENERGIE,312611,13991
2019,132,CALEB EWAN,LOTTO SOUDAL,312694,14074
2019,133,YVES LAMPAERT,DECEUNINCK - QUICK - STEP,312697,14077
2019,134,CHAD HAGA,TEAM SUNWEB,312711,14091
2019,135,TOM SCULLY,EF EDUCATION FIRST,312832,14212
2019,136,AIME DE GENDT,WANTY - GOBERT CYCLING TEAM,312845,14225
2019,137,NICCOLÒ BONIFAZIO,TOTAL DIRECT ENERGIE,313004,14384
2019,138,KEVIN VAN MELSEN,WANTY - GOBERT CYCLING TEAM,313040,14420
2019,139,ALEXANDER KRISTOFF,UAE TEAM EMIRATES,313085,14465
2019,140,AMUND GRØNDAHL JANSEN,TEAM JUMBO - VISMA,313142,14522
2019,141,MARCUS BURGHARDT,BORA - HANSGROHE,313158,14538
2019,142,MAXIME MONFORT,LOTTO SOUDAL,313256,14636
2019,143,WILLIAM BONNET,GROUPAMA - FDJ,313352,14732
2019,144,ANDRÉ GREIPEL,TEAM ARKEA - SAMSIC,313440,14820
2019,145,DYLAN GROENEWEGEN,TEAM JUMBO - VISMA,313450,14830
2019,146,MICHAEL HEPBURN,MITCHELTON - SCOTT,313472,14852
2019,147,LARS BAK YTTING,TEAM DIMENSION DATA,313488,14868
2019,148,MARCO HALLER,TEAM KATUSHA ALPECIN,313517,14897
2019,149,MAXIMILIANO RICHEZE,DECEUNINCK - QUICK - STEP,313625,15005
2019,150,ROGER KLUGE,LOTTO SOUDAL,313843,15223
2019,151,ALEX DOWSETT,TEAM KATUSHA ALPECIN,313899,15279
2019,152,MICHAEL MØRKØV,DECEUNINCK - QUICK - STEP,314193,15573
2019,153,JENS DEBUSSCHERE,TEAM KATUSHA ALPECIN,314767,16147
2019,154,YOANN OFFREDO,WANTY - GOBERT CYCLING TEAM,314923,16303
2019,155,SEBASTIAN LANGEVELD,EF EDUCATION FIRST,315083,16463
2020,1,TADEJ POGACAR,UAE TEAM EMIRATES,314405,0
2020,2,PRIMOZ ROGLIC,TEAM JUMBO - VISMA,314464,59
2020,3,RICHIE PORTE,TREK - SEGAFREDO,314615,210
2020,4,MIKEL LANDA MEANA,BAHRAIN - MCLAREN,314763,358
2020,5,ENRIC MAS NICOLAU,MOVISTAR TEAM,314772,367
2020,6,MIGUEL ANGEL LOPEZ MORENO,ASTANA PRO TEAM,314812,407
2020,7,TOM DUMOULIN,TEAM JUMBO - VISMA,314873,468
2020,8,RIGOBERTO URAN,EF PRO CYCLING,314887,482
2020,9,ADAM YATES,MITCHELTON - SCOTT,314970,565
2020,10,DAMIANO CARUSO,BAHRAIN - MCLAREN,315248,843
2020,11,GUILLAUME MARTIN GUYONNET,COFIDIS,315423,1018
2020,12,ALEJANDRO VALVERDE,MOVISTAR TEAM,315466,1061
2020,13,RICHARD CARAPAZ,INEOS GRENADIERS,315958,1553
2020,14,WARREN BARGUIL,TEAM ARKEA - SAMSIC,316269,1864
2020,15,SEPP KUSS,TEAM JUMBO - VISMA,316945,2540
2020,16,PELLO BILBAO LOPEZ DE ARMENTIA,BAHRAIN - MCLAREN,317761,3356
2020,17,NAIRO QUINTANA,TEAM ARKEA - SAMSIC,318192,3787
2020,18,PIERRE ROLLAND,B&B HOTELS - VITAL CONCEPT P / B KTM,318511,4106
2020,19,CARLOS VERONA QUINTANILLA,MOVISTAR TEAM,319199,4794
2020,20,WOUT VAN AERT,TEAM JUMBO - VISMA,319236,4831
2020,21,MARC SOLER,MOVISTAR TEAM,319918,5513
2020,22,GORKA IZAGIRRE INSAUSTI,ASTANA PRO TEAM,320177,5772
2020,23,JHOAN ESTEBAN CHAVES RUBIO,MITCHELTON - SCOTT,320330,5925
2020,24,SÉBASTIEN REICHENBACH,GROUPAMA - FDJ,320372,5967
2020,25,KENNY ELISSONDE,TREK - SEGAFREDO,320411,6006
2020,26,MIKAEL CHEREL,AG2R LA MONDIALE,320456,6051
2020,27,VALENTIN MADOUAS,GROUPAMA - FDJ,320568,6163
2020,28,DANIEL FELIPE MARTINEZ POVEDA,EF PRO CYCLING,321317,6912
2020,29,THIBAUT PINOT,GROUPAMA - FDJ,321599,7194
2020,30,MICHAL KWIATKOWSKI,INEOS GRENADIERS,321997,7592
2020,31,ROMAIN SICARD,TOTAL DIRECT ENERGIE,322387,7982
2020,32,LUIS LEON SANCHEZ,ASTANA PRO TEAM,322432,8027
2020,33,LENNARD KÄMNA,BORA - HANSGROHE,322544,8139
2020,34,GEORGE BENNETT,TEAM JUMBO - VISMA,322554,8149
2020,35,ALEXIS VUILLERMOZ,AG2R LA MONDIALE,322584,8179
2020,36,JULIAN ALAPHILIPPE,DECEUNINCK - QUICK - STEP,322756,8351
2020,37,HUGH JOHN CARTHY,EF PRO CYCLING,322836,8431
2020,38,EMANUEL BUCHMANN,BORA - HANSGROHE,322922,8517
2020,39,RUDY MOLARD,GROUPAMA - FDJ,323218,8813
2020,40,JAN POLANC,UAE TEAM EMIRATES,323399,8994
2020,41,DANIEL MARTIN,ISRAEL START-UP NATION,323430,9025
2020,42,ROBERT GESINK,TEAM JUMBO - VISMA,323440,9035
2020,43,BOB JUNGELS,DECEUNINCK - QUICK - STEP,323615,9210
2020,44,JESUS HERRADA,COFIDIS,323695,9290
2020,45,HAROLD TEJADA CANACUE,ASTANA PRO TEAM,323827,9422
2020,46,ALEXEY LUTSENKO,ASTANA PRO TEAM,323982,9577
2020,47,HUGO HOULE,ASTANA PRO TEAM,323999,9594
2020,48,SIMON GESCHKE,CCC TEAM,324272,9867
2020,49,NICOLAS EDET,COFIDIS,324529,10124
2020,50,GREG VAN AVERMAET,CCC TEAM,324595,10190
2020,51,NIKLAS EG,TREK - SEGAFREDO,324609,10204
2020,52,THOMAS DE GENDT,LOTTO SOUDAL,324721,10316
2020,53,QUENTIN PACHER,B&B HOTELS - VITAL CONCEPT P / B KTM,324862,10457
2020,54,MARC HIRSCHI,TEAM SUNWEB,324879,10474
2020,55,NELSON OLIVEIRA,MOVISTAR TEAM,325306,10901
2020,56,NEILSON POWLESS,EF PRO CYCLING,325394,10989
2020,57,MAXIMILIAN SCHACHMANN,BORA - HANSGROHE,325413,11008
2020,58,SOREN KRAGH ANDERSEN,TEAM SUNWEB,325591,11186
2020,59,DYLAN VAN BAARLE,INEOS GRENADIERS,325667,11262
2020,60,OMAR FRAILE MATARRANZ,ASTANA PRO TEAM,326026,11621
2020,61,OLIVER NAESEN,AG2R LA MONDIALE,326529,12124
2020,62,ALBERTO BETTIOL,EF PRO CYCLING,326700,12295
2020,63,FELIX GROSSSCHARTNER,BORA - HANSGROHE,326722,12317
2020,64,NICOLAS ROCHE,TEAM SUNWEB,326838,12433
2020,65,NANS PETERS,AG2R LA MONDIALE,326871,12466
2020,66,WINNER ANACONA,TEAM ARKEA - SAMSIC,327165,12760
2020,67,JAN HIRT,CCC TEAM,327303,12898
2020,68,BEN HERMANS,ISRAEL START-UP NATION,327437,13032
2020,69,MICHAEL SCHÄR,CCC TEAM,327540,13135
2020,70,JOSÉ ROJAS,MOVISTAR TEAM,327654,13249
2020,71,JASPER STUYVEN,TREK - SEGAFREDO,327657,13252
2020,72,DAVID DE LA CRUZ MELGAREJO,UAE TEAM EMIRATES,327685,13280
2020,73,MICHAEL VALGREN,NTT PRO CYCLING TEAM,327710,13305
2020,74,IMANOL ERVITI,MOVISTAR TEAM,328085,13680
2020,75,TIESJ BENOOT,TEAM SUNWEB,328135,13730
2020,76,MATEJ MOHORIC,BAHRAIN - MCLAREN,328147,13742
2020,77,ANDREY AMADOR,INEOS GRENADIERS,328149,13744
2020,78,CYRIL GAUTIER,B&B HOTELS - VITAL CONCEPT P / B KTM,328322,13917
2020,79,MATTEO TRENTIN,CCC TEAM,328335,13930
2020,80,DARIO CATALDO,MOVISTAR TEAM,328376,13971
2020,81,TOMS SKUJINS,TREK - SEGAFREDO,328394,13989
2020,82,VEGARD STAKE LAENGEN,UAE TEAM EMIRATES,328402,13997
2020,83,JACK BAUER,MITCHELTON - SCOTT,328839,14434
2020,84,PETER SAGAN,BORA - HANSGROHE,329060,14655
2020,85,KRISTS NEILANDS,ISRAEL START-UP NATION,329468,15063
2020,86,PIERRE LUC PERICHON,COFIDIS,329673,15268
2020,87,PAVEL SIVAKOV,INEOS GRENADIERS,329743,15338
2020,88,LUKA MEZGEC,MITCHELTON - SCOTT,329832,15427
2020,89,JENS KEUKELEIRE,EF PRO CYCLING,329932,15527
2020,90,DRIES DEVENYNS,DECEUNINCK - QUICK - STEP,330046,15641
2020,91,TEJAY VAN GARDEREN,EF PRO CYCLING,330145,15740
2020,92,CASPER PEDERSEN,TEAM SUNWEB,330258,15853
2020,93,SONNY COLBRELLI,BAHRAIN - MCLAREN,330287,15882
2020,94,MATTHIEU LADAGNOUS,GROUPAMA - FDJ,330297,15892
2020,95,DAYER QUINTANA,TEAM ARKEA - SAMSIC,330355,15950
2020,96,CYRIL BARTHE,B&B HOTELS - VITAL CONCEPT P / B KTM,330432,16027
2020,97,DARYL IMPEY,MITCHELTON - SCOTT,330524,16119
2020,98,TOM VAN ASBROECK,ISRAEL START-UP NATION,330802,16397
2020,99,JUUL CHRISTOPHER JENSEN,MITCHELTON - SCOTT,330848,16443
2020,100,ALESSANDRO DE MARCHI,CCC TEAM,330851,16446
2020,101,EDVALD BOASSON-HAGEN,NTT PRO CYCLING TEAM,330864,16459
2020,102,KÉVIN LEDANOIS,TEAM ARKEA - SAMSIC,330953,16548
2020,103,JORIS NIEUWENHUIS,TEAM SUNWEB,331135,16730
2020,104,CLEMENT VENTURINI,AG2R LA MONDIALE,331153,16748
2020,105,DANIEL OSS,BORA - HANSGROHE,331251,16846
2020,106,CONNOR SWIFT,TEAM ARKEA - SAMSIC,331324,16919
2020,107,CHRISTOPHE LAPORTE,COFIDIS,331475,17070
2020,108,ANTHONY TURGIS,TOTAL DIRECT ENERGIE,331502,17097
2020,109,ROMAN KREUZIGER,NTT PRO CYCLING TEAM,331531,17126
2020,110,WOUT POELS,BAHRAIN - MCLAREN,331648,17243
2020,111,MARCO MARCATO,UAE TEAM EMIRATES,331732,17327
2020,112,SIMONE CONSONNI,COFIDIS,332035,17630
2020,113,RÉMI CAVAGNA,DECEUNINCK - QUICK - STEP,332331,17926
2020,114,KASPER ASGREEN,DECEUNINCK - QUICK - STEP,332409,18004
2020,115,HUGO HOFSTETTER,ISRAEL START-UP NATION,332419,18014
2020,116,BENOIT COSNEFROY,AG2R LA MONDIALE,332448,18043
2020,117,FABIEN GRELLIER,TOTAL DIRECT ENERGIE,332497,18092
2020,118,TONY MARTIN,TEAM JUMBO - VISMA,332733,18328
2020,119,EDWARD THEUNS,TREK - SEGAFREDO,332895,18490
2020,120,NILS POLITT,ISRAEL START-UP NATION,332947,18542
2020,121,RYAN GIBBONS,NTT PRO CYCLING TEAM,332977,18572
2020,122,BRYAN COQUARD,B&B HOTELS - VITAL CONCEPT P / B KTM,333037,18632
2020,123,GEOFFREY SOUPE,TOTAL DIRECT ENERGIE,333045,18640
2020,124,MADS PEDERSEN,TREK - SEGAFREDO,333068,18663
2020,125,JONAS KOCH,CCC TEAM,333129,18724
2020,126,NIKIAS ARNDT,TEAM SUNWEB,333196,18791
2020,127,TIM DECLERCQ,DECEUNINCK - QUICK - STEP,333297,18892
2020,128,AMUND GRØNDAHL JANSEN,TEAM JUMBO - VISMA,333453,19048
2020,129,LUKE ROWE,INEOS GRENADIERS,333475,19070
2020,130,MICHAEL MØRKØV,DECEUNINCK - QUICK - STEP,333986,19581
2020,131,MATHIEU BURGAUDEAU,TOTAL DIRECT ENERGIE,334063,19658
2020,132,ALEXANDER KRISTOFF,UAE TEAM EMIRATES,334113,19708
2020,133,CLÉMENT RUSSO,TEAM ARKEA - SAMSIC,334130,19725
2020,134,MAXIMILIAN RICHARD WALSCHEID,NTT PRO CYCLING TEAM,334183,19778
2020,135,ELIA VIVIANI,COFIDIS,334206,19801
2020,136,MAXIME CHEVALIER,B&B HOTELS - VITAL CONCEPT P / B KTM,334295,19890
2020,137,KÉVIN REZA,B&B HOTELS - VITAL CONCEPT P / B KTM,334302,19897
2020,138,SAM BENNETT,DECEUNINCK - QUICK - STEP,334358,19953
2020,139,GUY NIV,ISRAEL START-UP NATION,334488,20083
2020,140,CEES BOL,TEAM SUNWEB,334701,20296
2020,141,NICCOLÒ BONIFAZIO,TOTAL DIRECT ENERGIE,334938,20533
2020,142,JASPER DE BUYST,LOTTO SOUDAL,334992,20587
2020,143,MARCO HALLER,BAHRAIN - MCLAREN,335192,20787
2020,144,CALEB EWAN,LOTTO SOUDAL,335430,21025
2020,145,FREDERIK FRISON,LOTTO SOUDAL,336113,21708
2020,146,ROGER KLUGE,LOTTO SOUDAL,336427,22022
2021,1,TADEJ POGACAR,UAE TEAM EMIRATES,298596,0
2021,2,JONAS VINGEGAARD HANSEN,JUMBO - VISMA,298916,320
2021,3,RICHARD CARAPAZ,INEOS GRENADIERS,299019,423
2021,4,BEN ALEXANDER O'CONNOR,AG2R CITROEN TEAM,299198,602
2021,5,WILCO KELDERMAN,BORA - HANSGROHE,299209,613
2021,6,ENRIC MAS NICOLAU,MOVISTAR TEAM,299299,703
2021,7,ALEXEY LUTSENKO,ASTANA - PREMIER TECH,299339,743
2021,8,GUILLAUME MARTIN GUYONNET,COFIDIS,299529,933
2021,9,PELLO BILBAO LOPEZ DE ARMENTIA,BAHRAIN VICTORIOUS,299560,964
2021,10,RIGOBERTO URAN,EF EDUCATION - NIPPO,299710,1114
2021,11,DAVID GAUDU,GROUPAMA - FDJ,299906,1310
2021,12,MATTIA CATTANEO,DECEUNINCK - QUICK - STEP,300094,1498
2021,13,JHOAN ESTEBAN CHAVES RUBIO,TEAM BIKEEXCHANGE,300864,2268
2021,14,LOUIS MEINTJES,INTERMARCHE - WANTY - GOBERT MATERIAUX,300885,2289
2021,15,AURÉLIEN PARET PEINTRE,AG2R CITROEN TEAM,300945,2349
2021,16,WOUT POELS,BAHRAIN VICTORIOUS,301631,3035
2021,17,DYLAN TEUNS,BAHRAIN VICTORIOUS,301696,3100
2021,18,RUBEN ALMEIDA GUERREIRO,EF EDUCATION - NIPPO,301846,3250
2021,19,WOUT VAN AERT,JUMBO - VISMA,302018,3422
2021,20,BAUKE MOLLEMA,TREK - SEGAFREDO,302334,3738
2021,21,SERGIO LUIS HENAO MONTOYA,TEAM QHUBEKA NEXTHASH,302388,3792
2021,22,FRANCK BONNAMOUR,B&B HOTELS P/B KTM,302471,3875
2021,23,JONATHAN CASTROVIEJO NICOLAS,INEOS GRENADIERS,302576,3980
2021,24,ALEJANDRO VALVERDE,MOVISTAR TEAM,302666,4070
2021,25,SERGIO ANDRES HIGUITA GARCIA,EF EDUCATION - NIPPO,302752,4156
2021,26,ION IZAGIRRE INSAUSTI,ASTANA - PREMIER TECH,303615,5019
2021,27,PATRICK KONRAD,BORA - HANSGROHE,303822,5226
2021,28,NAIRO QUINTANA,TEAM ARKEA - SAMSIC,304187,5591
2021,29,XANDRO MEURISSE,ALPECIN - FENIX,304644,6048
2021,30,JULIAN ALAPHILIPPE,DECEUNINCK - QUICK - STEP,304782,6186
2021,31,MATEJ MOHORIC,BAHRAIN VICTORIOUS,305200,6604
2021,32,SEPP KUSS,JUMBO - VISMA,305200,6604
2021,33,EMANUEL BUCHMANN,BORA - HANSGROHE,305261,6665
2021,34,RAFAL MAJKA,UAE TEAM EMIRATES,305440,6844
2021,35,QUENTIN PACHER,B&B HOTELS P/B KTM,305530,6934
2021,36,KENNY ELISSONDE,TREK - SEGAFREDO,305589,6993
2021,37,JULIEN BERNARD,TREK - SEGAFREDO,306008,7412
2021,38,RICHIE PORTE,INEOS GRENADIERS,306195,7599
2021,39,JASPER STUYVEN,TREK - SEGAFREDO,306255,7659
2021,40,DANIEL MARTIN,ISRAEL START-UP NATION,306371,7775
2021,41,GERAINT THOMAS,INEOS GRENADIERS,306493,7897
2021,42,VALENTIN MADOUAS,GROUPAMA - FDJ,306495,7899
2021,43,NEILSON POWLESS,EF EDUCATION - NIPPO,306609,8013
2021,44,DAVIDE FORMOLO,UAE TEAM EMIRATES,306752,8156
2021,45,MARK DONOVAN,TEAM DSM,306856,8260
2021,46,CRISTIAN RODRIGUEZ MARTIN,TOTALENERGIES,306967,8371
2021,47,PIERRE LATOUR,TOTALENERGIES,306972,8376
2021,48,JAN BAKELANTS,INTERMARCHE - WANTY - GOBERT MATERIAUX,307086,8490
2021,49,STEFAN KÜNG,GROUPAMA - FDJ,307119,8523
2021,50,NILS POLITT,BORA - HANSGROHE,307160,8564
2021,51,PIERRE ROLLAND,B&B HOTELS P/B KTM,307187,8591
2021,52,SONNY COLBRELLI,BAHRAIN VICTORIOUS,307275,8679
2021,53,MICHAEL VALGREN,EF EDUCATION - NIPPO,307372,8776
2021,54,DYLAN VAN BAARLE,INEOS GRENADIERS,307423,8827
2021,55,JONAS RUTSCH,EF EDUCATION - NIPPO,307569,8973
2021,56,MAGNUS CORT NIELSEN,EF EDUCATION - NIPPO,307619,9023
2021,57,OMAR FRAILE MATARRANZ,ASTANA - PREMIER TECH,307670,9074
2021,58,MICHAEL SCHÄR,AG2R CITROEN TEAM,307914,9318
2021,59,SILVAN DILLIER,ALPECIN - FENIX,307939,9343
2021,60,TAO GEOGHEGAN HART,INEOS GRENADIERS,308018,9422
2021,61,ELIE GESBERT,TEAM ARKEA - SAMSIC,308104,9508
2021,62,SIMON GESCHKE,COFIDIS,308127,9531
2021,63,LORENZO ROTA,INTERMARCHE - WANTY - GOBERT MATERIAUX,308193,9597
2021,64,KASPER ASGREEN,DECEUNINCK - QUICK - STEP,308417,9821
2021,65,BRENT VAN MOER,LOTTO SOUDAL,308425,9829
2021,66,HUGO HOULE,ASTANA - PREMIER TECH,308475,9879
2021,67,IMANOL ERVITI,MOVISTAR TEAM,308743,10147
2021,68,MICHAL KWIATKOWSKI,INEOS GRENADIERS,308758,10162
2021,69,BRANDON MCNULTY,UAE TEAM EMIRATES,308849,10253
2021,70,OLIVER NAESEN,AG2R CITROEN TEAM,308941,10345
2021,71,TOMS SKUJINS,TREK - SEGAFREDO,308972,10376
2021,72,VICTOR DE LA PARTE,TOTALENERGIES,309064,10468
2021,73,ANTHONY TURGIS,TOTALENERGIES,309147,10551
2021,74,ALEX ARANBURU DEVA,ASTANA - PREMIER TECH,309200,10604
2021,75,DORIAN GODON,AG2R CITROEN TEAM,309227,10631
2021,76,MIKE TEUNISSEN,JUMBO - VISMA,309301,10705
2021,77,RUI COSTA,UAE TEAM EMIRATES,309305,10709
2021,78,FABIEN DOUBEY,TOTALENERGIES,309561,10965
2021,79,MICHAEL MATTHEWS,TEAM BIKEEXCHANGE,309606,11010
2021,80,GEORG ZIMMERMANN,INTERMARCHE - WANTY - GOBERT MATERIAUX,309744,11148
2021,81,CYRIL GAUTIER,B&B HOTELS P/B KTM,309906,11310
2021,82,THOMAS DE GENDT,LOTTO SOUDAL,309922,11326
2021,83,BRUNO ARMIRAIL,GROUPAMA - FDJ,309994,11398
2021,84,RUBEN FERNANDEZ,COFIDIS,310039,11443
2021,85,HARRISON WILLIAM SWEENY,LOTTO SOUDAL,310048,11452
2021,86,ANTHONY PEREZ,COFIDIS,310052,11456
2021,87,JESUS HERRADA,COFIDIS,310071,11475
2021,88,CYRIL BARTHE,B&B HOTELS P/B KTM,310147,11551
2021,89,CONNOR SWIFT,TEAM ARKEA - SAMSIC,310224,11628
2021,90,JORGE ARCAS,MOVISTAR TEAM,310277,11681
2021,91,CHRISTOPHE LAPORTE,COFIDIS,310299,11703
2021,92,PIERRE LUC PERICHON,COFIDIS,310383,11787
2021,93,MAXIME CHEVALIER,B&B HOTELS P/B KTM,310410,11814
2021,94,IVAN GARCIA CORTINA,MOVISTAR TEAM,310681,12085
2021,95,JONAS RICKAERT,ALPECIN - FENIX,310752,12156
2021,96,ALFRED BROCKWELL WRIGHT,BAHRAIN VICTORIOUS,310855,12259
2021,97,GREG VAN AVERMAET,AG2R CITROEN TEAM,310865,12269
2021,98,MARC HIRSCHI,UAE TEAM EMIRATES,310874,12278
2021,99,PHILIPPE GILBERT,LOTTO SOUDAL,311038,12442
2021,100,LUKE DURBRIDGE,TEAM BIKEEXCHANGE,311081,12485
2021,101,CARLOS VERONA QUINTANILLA,MOVISTAR TEAM,311116,12520
2021,102,LUKA MEZGEC,TEAM BIKEEXCHANGE,311213,12617
2021,103,STEFAN BISSEGGER,EF EDUCATION - NIPPO,311291,12695
2021,104,EDWARD THEUNS,TREK - SEGAFREDO,311407,12811
2021,105,GUILLAUME BOIVIN,ISRAEL START-UP NATION,311418,12822
2021,106,KRISTIAN SBARAGLI,ALPECIN - FENIX,311455,12859
2021,107,BENOIT COSNEFROY,AG2R CITROEN TEAM,311490,12894
2021,108,DAVIDE BALLERINI,DECEUNINCK - QUICK - STEP,311509,12913
2021,109,JASPER PHILIPSEN,ALPECIN - FENIX,311927,13331
2021,110,MIKKEL BJERG,UAE TEAM EMIRATES,311937,13341
2021,111,CASPER PEDERSEN,TEAM DSM,311968,13372
2021,112,VEGARD STAKE LAENGEN,UAE TEAM EMIRATES,312009,13413
2021,113,DMITRIY GRUZDEV,ASTANA - PREMIER TECH,312085,13489
2021,114,JUUL CHRISTOPHER JENSEN,TEAM BIKEEXCHANGE,312103,13507
2021,115,DANIEL OSS,BORA - HANSGROHE,312209,13613
2021,116,LUKAS PÖSTLBERGER,BORA - HANSGROHE,312228,13632
2021,117,BOY VAN POPPEL,INTERMARCHE - WANTY - GOBERT MATERIAUX,312421,13825
2021,118,PETR VAKOČ,ALPECIN - FENIX,312462,13866
2021,119,IDE SCHELLING,BORA - HANSGROHE,312472,13876
2021,120,DANNY VAN POPPEL,INTERMARCHE - WANTY - GOBERT MATERIAUX,312569,13973
2021,121,MAXIMILIAN RICHARD WALSCHEID,TEAM QHUBEKA NEXTHASH,312581,13985
2021,122,OMER GOLDSTEIN,ISRAEL START-UP NATION,312722,14126
2021,123,SIMON CLARKE,TEAM QHUBEKA NEXTHASH,312764,14168
2021,124,CARLOS BARBERO,TEAM QHUBEKA NEXTHASH,313016,14420
2021,125,ANDRÉ GREIPEL,ISRAEL START-UP NATION,313082,14486
2021,126,NILS EEKHOFF,TEAM DSM,313160,14564
2021,127,MARCO HALLER,BAHRAIN VICTORIOUS,313177,14581
2021,128,JORIS NIEUWENHUIS,TEAM DSM,313198,14602
2021,129,JULIEN SIMON,TOTALENERGIES,313345,14749
2021,130,SEAN BENNETT,TEAM QHUBEKA NEXTHASH,313458,14862
2021,131,JELLE WALLAYS,COFIDIS,313582,14986
2021,132,JÉRÉMY CABOT,TOTALENERGIES,313691,15095
2021,133,CHRIS FROOME,ISRAEL START-UP NATION,313717,15121
2021,134,RICK ZABEL,ISRAEL START-UP NATION,313783,15187
2021,135,DRIES DEVENYNS,DECEUNINCK - QUICK - STEP,314245,15649
2021,136,RETO HOLLENSTEIN,ISRAEL START-UP NATION,314455,15859
2021,137,MADS PEDERSEN,TREK - SEGAFREDO,314753,16157
2021,138,MICHAEL MØRKØV,DECEUNINCK - QUICK - STEP,314961,16365
2021,139,MARK CAVENDISH,DECEUNINCK - QUICK - STEP,315050,16454
2021,140,CEES BOL,TEAM DSM,315195,16599
2021,141,TIM DECLERCQ,DECEUNINCK - QUICK - STEP,316665,18069
2022,1,JONAS VINGEGAARD HANSEN,JUMBO - VISMA,286400,0
2022,2,TADEJ POGACAR,UAE TEAM EMIRATES,286563,163
2022,3,GERAINT THOMAS,INEOS GRENADIERS,286842,442
2022,4,DAVID GAUDU,GROUPAMA - FDJ,287219,819
2022,5,ALEKSANDR VLASOV,BORA - HANSGROHE,287346,946
2022,6,NAIRO QUINTANA,TEAM ARKEA - SAMSIC,287393,993
2022,7,ROMAIN BARDET,TEAM DSM,287491,1091
2022,8,LOUIS MEINTJES,INTERMARCHE - WANTY - GOBERT MATERIAUX,287524,1124
2022,9,ALEXEY LUTSENKO,ASTANA - QAZAQSTAN TEAM,287776,1376
2022,10,ADAM YATES,INEOS GRENADIERS,287892,1492
2022,11,VALENTIN MADOUAS,GROUPAMA - FDJ,288559,2159
2022,12,BOB JUNGELS,AG2R CITROEN TEAM,289123,2723
2022,13,NEILSON POWLESS,EF EDUCATION - EASYPOST,289217,2817
2022,14,LUIS LEON SANCHEZ,BAHRAIN VICTORIOUS,289358,2958
2022,15,THIBAUT PINOT,GROUPAMA - FDJ,289425,3025
2022,16,PATRICK KONRAD,BORA - HANSGROHE,289814,3414
2022,17,TOM PIDCOCK,INEOS GRENADIERS,290075,3675
2022,18,SEPP KUSS,JUMBO - VISMA,290149,3749
2022,19,DYLAN TEUNS,BAHRAIN VICTORIOUS,290690,4290
2022,20,BRANDON MCNULTY,UAE TEAM EMIRATES,291879,5479
2022,21,MATTEO JORGENSON,MOVISTAR TEAM,292037,5637
2022,22,WOUT VAN AERT,JUMBO - VISMA,292155,5755
2022,23,NICHOLAS SCHULTZ,TEAM BIKEEXCHANGE-JAYCO,292381,5981
2022,24,HUGO HOULE,ISRAEL-PREMIER TECH,292534,6134
2022,25,BAUKE MOLLEMA,TREK - SEGAFREDO,292757,6357
2022,26,RIGOBERTO URAN,EF EDUCATION - EASYPOST,292898,6498
2022,27,CARLOS VERONA QUINTANILLA,MOVISTAR TEAM,293183,6783
2022,28,ANDREAS LEKNESSUND,TEAM DSM,293451,7051
2022,29,GREGOR MÜHLBERGER,MOVISTAR TEAM,293543,7143
2022,30,DANIEL FELIPE MARTINEZ POVEDA,INEOS GRENADIERS,293655,7255
2022,31,SIMONE VELASCO,ASTANA - QAZAQSTAN TEAM,293864,7464
2022,32,DYLAN VAN BAARLE,INEOS GRENADIERS,294534,8134
2022,33,STEFAN KÜNG,GROUPAMA - FDJ,294546,8146
2022,34,SEBASTIAN SCHÖNBERGER,B&B HOTELS - KTM,294615,8215
2022,35,MICHAEL STORER,GROUPAMA - FDJ,294995,8595
2022,36,TIESJ BENOOT,JUMBO - VISMA,295014,8614
2022,37,TONY GALLOPIN,TREK - SEGAFREDO,295111,8711
2022,38,CHRISTOPHER HAMILTON,TEAM DSM,295138,8738
2022,39,ANDREY ZEITS,ASTANA - QAZAQSTAN TEAM,295182,8782
2022,40,ION IZAGIRRE INSAUSTI,COFIDIS,295408,9008
2022,41,ALBERTO BETTIOL,EF EDUCATION - EASYPOST,295684,9284
2022,42,LUKASZ OWSIAN,TEAM ARKEA - SAMSIC,295868,9468
2022,43,JOSEPH LLOYD DOMBROWSKI,ASTANA - QAZAQSTAN TEAM,295871,9471
2022,44,GEORG ZIMMERMANN,INTERMARCHE - WANTY - GOBERT MATERIAUX,295980,9580
2022,45,SIMON GESCHKE,COFIDIS,296083,9683
2022,46,MAXIMILIAN SCHACHMANN,BORA - HANSGROHE,296244,9844
2022,47,KOBE GOOSSENS,INTERMARCHE - WANTY - GOBERT MATERIAUX,296367,9967
2022,48,KÉVIN GENIETS,GROUPAMA - FDJ,296488,10088
2022,49,JONATHAN CASTROVIEJO NICOLAS,INEOS GRENADIERS,296694,10294
2022,50,MAXIME BOUET,TEAM ARKEA - SAMSIC,296716,10316
2022,51,ANDREA PASQUALON,INTERMARCHE - WANTY - GOBERT MATERIAUX,296982,10582
2022,52,NELSON OLIVEIRA,MOVISTAR TEAM,297059,10659
2022,53,FELIX GROSSSCHARTNER,BORA - HANSGROHE,297095,10695
2022,54,BENJAMIN THOMAS,COFIDIS,297418,11018
2022,55,ALFRED BROCKWELL WRIGHT,BAHRAIN VICTORIOUS,297448,11048
2022,56,NILS POLITT,BORA - HANSGROHE,297829,11429
2022,57,PIERRE LATOUR,TOTALENERGIES,297926,11526
2022,58,EDVALD BOASSON-HAGEN,TOTALENERGIES,297978,11578
2022,59,GIULIO CICCONE,TREK - SEGAFREDO,298204,11804
2022,60,SILVAN DILLIER,ALPECIN - DECEUNINCK,298237,11837
2022,61,TOMS SKUJINS,TREK - SEGAFREDO,298248,11848
2022,62,ANTOINE DUCHESNE,GROUPAMA - FDJ,298298,11898
2022,63,PIERRE LUC PERICHON,COFIDIS,298732,12332
2022,64,MARTIJN TUSVELD,TEAM DSM,298883,12483
2022,65,STAN DEWULF,AG2R CITROEN TEAM,298958,12558
2022,66,FRANCK BONNAMOUR,B&B HOTELS - KTM,299036,12636
2022,67,QUINN SIMMONS,TREK - SEGAFREDO,299044,12644
2022,68,MATHIEU BURGAUDEAU,TOTALENERGIES,299126,12726
2022,69,PIERRE ROLLAND,B&B HOTELS - KTM,299273,12873
2022,70,CONNOR SWIFT,TEAM ARKEA - SAMSIC,299305,12905
2022,71,KRISTIAN SBARAGLI,ALPECIN - DECEUNINCK,299378,12978
2022,72,JAN TRATNIK,BAHRAIN VICTORIOUS,299451,13051
2022,73,ANDREAS KRON,LOTTO SOUDAL,299457,13057
2022,74,MATIS LOUVEL,TEAM ARKEA - SAMSIC,299606,13206
2022,75,CHRISTOPHE LAPORTE,JUMBO - VISMA,299610,13210
2022,76,PHILIPPE GILBERT,LOTTO SOUDAL,299714,13314
2022,77,GUY NIV,ISRAEL-PREMIER TECH,299862,13462
2022,78,MICHAEL MATTHEWS,TEAM BIKEEXCHANGE-JAYCO,299959,13559
2022,79,KRISTS NEILANDS,ISRAEL-PREMIER TECH,299976,13576
2022,80,CYRIL BARTHE,B&B HOTELS - KTM,300114,13714
2022,81,JASPER STUYVEN,TREK - SEGAFREDO,300168,13768
2022,82,HUGO HOFSTETTER,TEAM ARKEA - SAMSIC,300197,13797
2022,83,STEFAN BISSEGGER,EF EDUCATION - EASYPOST,300306,13906
2022,84,ANTHONY PEREZ,COFIDIS,300340,13940
2022,85,AMAURY CAPIOT,TEAM ARKEA - SAMSIC,300375,13975
2022,86,MATEJ MOHORIC,BAHRAIN VICTORIOUS,300377,13977
2022,87,MARCO HALLER,BORA - HANSGROHE,300385,13985
2022,88,OLIVIER LE GAC,GROUPAMA - FDJ,300565,14165
2022,89,ALEXIS GOUGEARD,B&B HOTELS - KTM,300695,14295
2022,90,OWAIN DOULL,EF EDUCATION - EASYPOST,300699,14299
2022,91,BENOIT COSNEFROY,AG2R CITROEN TEAM,300711,14311
2022,92,JASPER PHILIPSEN,ALPECIN - DECEUNINCK,300750,14350
2022,93,SVEN ERIK BYSTROM,INTERMARCHE - WANTY - GOBERT MATERIAUX,300759,14359
2022,94,JONAS RUTSCH,EF EDUCATION - EASYPOST,300761,14361
2022,95,FILIPPO GANNA,INEOS GRENADIERS,301011,14611
2022,96,MATTIA CATTANEO,QUICK-STEP ALPHA VINYL TEAM,301032,14632
2022,97,ALEKSANDR RIABUSHENKO,ASTANA - QAZAQSTAN TEAM,301060,14660
2022,98,ANDREA BAGIOLI,QUICK-STEP ALPHA VINYL TEAM,301400,15000
2022,99,MADS PEDERSEN,TREK - SEGAFREDO,301510,15110
2022,100,ALBERTO DAINESE,TEAM DSM,301654,15254
2022,101,LUKA MEZGEC,TEAM BIKEEXCHANGE-JAYCO,301773,15373
2022,102,ALEXANDER KRISTOFF,INTERMARCHE - WANTY - GOBERT MATERIAUX,301834,15434
2022,103,LUCA MOZZATO,B&B HOTELS - KTM,301934,15534
2022,104,ALEXANDER KRIEGER,ALPECIN - DECEUNINCK,301982,15582
2022,105,JOHN DEGENKOLB,TEAM DSM,302185,15785
2022,106,LUKE ROWE,INEOS GRENADIERS,302400,16000
2022,107,FLORIAN SENECHAL,QUICK-STEP ALPHA VINYL TEAM,302494,16094
2022,108,FLORIAN VERMEERSCH,LOTTO SOUDAL,302533,16133
2022,109,DANNY VAN POPPEL,BORA - HANSGROHE,302628,16228
2022,110,EDWARD PLANCKAERT,ALPECIN - DECEUNINCK,302824,16424
2022,111,ADRIEN PETIT,INTERMARCHE - WANTY - GOBERT MATERIAUX,302905,16505
2022,112,FRØLICH MIKKEL HONORÉ,QUICK-STEP ALPHA VINYL TEAM,303015,16615
2022,113,CYRIL LEMOINE,B&B HOTELS - KTM,303049,16649
2022,114,DMITRIY GRUZDEV,ASTANA - QAZAQSTAN TEAM,303056,16656
2022,115,MACIEJ BODNAR,TOTALENERGIES,303172,16772
2022,116,PETER SAGAN,TOTALENERGIES,303188,16788
2022,117,DYLAN GROENEWEGEN,TEAM BIKEEXCHANGE-JAYCO,303255,16855
2022,118,KAMIL GRADEK,BAHRAIN VICTORIOUS,303366,16966
2022,119,NILS EEKHOFF,TEAM DSM,303366,16966
2022,120,YVES LAMPAERT,QUICK-STEP ALPHA VINYL TEAM,303574,17174
2022,121,BRENT VAN MOER,LOTTO SOUDAL,303747,17347
2022,122,JACK BAUER,TEAM BIKEEXCHANGE-JAYCO,303865,17465
2022,123,GUILLAUME VAN KEIRSBULCK,ALPECIN - DECEUNINCK,304052,17652
2022,124,MIKKEL BJERG,UAE TEAM EMIRATES,304413,18013
2022,125,TACO VAN DER HOORN,INTERMARCHE - WANTY - GOBERT MATERIAUX,304554,18154
2022,126,JÉRÉMY LECROQ,B&B HOTELS - KTM,305229,18829
2022,127,MARC HIRSCHI,UAE TEAM EMIRATES,305309,18909
2022,128,JUUL CHRISTOPHER JENSEN,TEAM BIKEEXCHANGE-JAYCO,305326,18926
2022,129,ANTHONY TURGIS,TOTALENERGIES,305617,19217
2022,130,FABIO JAKOBSEN,QUICK-STEP ALPHA VINYL TEAM,305818,19418
2022,131,FREDERIK FRISON,LOTTO SOUDAL,306219,19819
2022,132,REINARDT JANSE VAN RENSBURG,LOTTO SOUDAL,306285,19885
2022,133,AMUND GRØNDAHL JANSEN,TEAM BIKEEXCHANGE-JAYCO,306287,19887
2022,134,ALBERT TORRES BARCELO,MOVISTAR TEAM,306593,20193
2022,135,CALEB EWAN,LOTTO SOUDAL,306842,20442
2023,1,JONAS VINGEGAARD HANSEN,JUMBO-VISMA,295542,0
2023,2,TADEJ POGACAR,UAE TEAM EMIRATES,295991,449
2023,3,ADAM YATES,UAE TEAM EMIRATES,296198,656
2023,4,SIMON PHILIP YATES,TEAM JAYCO ALULA,296285,743
2023,5,CARLOS RODRIGUEZ,INEOS GRENADIERS,296339,797
2023,6,PELLO BILBAO LOPEZ DE ARMENTIA,BAHRAIN VICTORIOUS,296349,807
2023,7,JAI HINDLEY,BORA - HANSGROHE,296426,884
2023,8,FELIX GALL,AG2R CITROEN TEAM,296511,969
2023,9,DAVID GAUDU,GROUPAMA - FDJ,296930,1388
2023,10,GUILLAUME MARTIN GUYONNET,COFIDIS,297132,1590
2023,11,THIBAUT PINOT,GROUPAMA - FDJ,297225,1683
2023,12,SEPP KUSS,JUMBO-VISMA,297794,2252
2023,13,TOM PIDCOCK,INEOS GRENADIERS,298414,2872
2023,14,RAFAL MAJKA,UAE TEAM EMIRATES,298911,3369
2023,15,JONATHAN CASTROVIEJO NICOLAS,INEOS GRENADIERS,298939,3397
2023,16,CHRISTOPHER HARPER,TEAM JAYCO ALULA,298991,3449
2023,17,BEN ALEXANDER O'CONNOR,AG2R CITROEN TEAM,299441,3899
2023,18,WILCO KELDERMAN,JUMBO-VISMA,299548,4006
2023,19,MIKEL LANDA MEANA,BAHRAIN VICTORIOUS,299903,4361
2023,20,VALENTIN MADOUAS,GROUPAMA - FDJ,299992,4450
2023,21,EMANUEL BUCHMANN,BORA - HANSGROHE,300086,4544
2023,22,WARREN BARGUIL,TEAM ARKEA - SAMSIC,300168,4626
2023,23,FELIX GROSSSCHARTNER,UAE TEAM EMIRATES,301863,6321
2023,24,TIESJ BENOOT,JUMBO-VISMA,301957,6415
2023,25,CLÉMENT BERTHET,AG2R CITROEN TEAM,302161,6619
2023,26,BOB JUNGELS,BORA - HANSGROHE,302668,7126
2023,27,WOUT POELS,BAHRAIN VICTORIOUS,303086,7544
2023,28,JACK HAIG,BAHRAIN VICTORIOUS,303374,7832
2023,29,MATTIAS SKJELMOSE,LIDL - TREK,303669,8127
2023,30,TOBIAS HALLAND JOHANNESSEN,UNO-X PRO CYCLING TEAM,303675,8133
2023,31,MATHIEU BURGAUDEAU,TOTALENERGIES,304015,8473
2023,32,GIULIO CICCONE,LIDL - TREK,304211,8669
2023,33,JULIAN ALAPHILIPPE,SOUDAL QUICK-STEP,304285,8743
2023,34,HAROLD TEJADA CANACUE,ASTANA QAZAQSTAN TEAM,304408,8866
2023,35,DYLAN TEUNS,ISRAEL - PREMIER TECH,304810,9268
2023,36,EGAN BERNAL GOMEZ,INEOS GRENADIERS,305038,9496
2023,37,GORKA IZAGIRRE INSAUSTI,MOVISTAR TEAM,305075,9533
2023,38,HUGO HOULE,ISRAEL - PREMIER TECH,305267,9725
2023,39,NICHOLAS SCHULTZ,ISRAEL - PREMIER TECH,305354,9812
2023,40,ALEXEY LUTSENKO,ASTANA QAZAQSTAN TEAM,305355,9813
2023,41,KÉVIN GENIETS,GROUPAMA - FDJ,305396,9854
2023,42,DYLAN VAN BAARLE,JUMBO-VISMA,305507,9965
2023,43,GREGAARD JONAS WILSLY,UNO-X PRO CYCLING TEAM,305569,10027
2023,44,GREGOR MÜHLBERGER,MOVISTAR TEAM,305704,10162
2023,45,ION IZAGIRRE INSAUSTI,COFIDIS,305751,10209
2023,46,CHRISTOPHER HAMILTON,TEAM DSM - FIRMENICH,305802,10260
2023,47,GEORG ZIMMERMANN,INTERMARCHÉ - CIRCUS - WANTY,305987,10445
2023,48,MICHAEL RUSSELL WOODS,ISRAEL - PREMIER TECH,306029,10487
2023,49,MICHAL KWIATKOWSKI,INEOS GRENADIERS,306110,10568
2023,50,KRISTS NEILANDS,ISRAEL - PREMIER TECH,306123,10581
2023,51,CLÉMENT CHAMPOUSSIN,TEAM ARKEA - SAMSIC,306229,10687
2023,52,ALEX ARANBURU DEVA,MOVISTAR TEAM,306521,10979
2023,53,NELSON OLIVEIRA,MOVISTAR TEAM,306848,11306
2023,54,STEFAN KÜNG,GROUPAMA - FDJ,306851,11309
2023,55,AURÉLIEN PARET PEINTRE,AG2R CITROEN TEAM,306913,11371
2023,56,MARC SOLER,UAE TEAM EMIRATES,306938,11396
2023,57,MATHIEU VAN DER POEL,ALPECIN-DECEUNINCK,307026,11484
2023,58,MATTHEW DINHAM,TEAM DSM - FIRMENICH,307154,11612
2023,59,MAXIM VAN GILS,LOTTO DSTNY,307411,11869
2023,60,OMAR FRAILE MATARRANZ,INEOS GRENADIERS,307486,11944
2023,61,KEVIN VERMAERKE,TEAM DSM - FIRMENICH,307802,12260
2023,62,NILS POLITT,BORA - HANSGROHE,308069,12527
2023,63,QUENTIN PACHER,GROUPAMA - FDJ,308365,12823
2023,64,VICTOR CAMPENAERTS,LOTTO DSTNY,308440,12898
2023,65,MATIS LOUVEL,TEAM ARKEA - SAMSIC,308511,12969
2023,66,NEILSON POWLESS,EF EDUCATION - EASYPOST,308592,13050
2023,67,RUI COSTA,INTERMARCHÉ - CIRCUS - WANTY,308619,13077
2023,68,ANTHONY DELAPLACE,TEAM ARKEA - SAMSIC,308839,13297
2023,69,SIMON GUGLIELMI,TEAM ARKEA - SAMSIC,308850,13308
2023,70,LARS VAN DEN BERG,GROUPAMA - FDJ,309105,13563
2023,71,RIGOBERTO URAN,EF EDUCATION - EASYPOST,309357,13815
2023,72,MATEJ MOHORIC,BAHRAIN VICTORIOUS,309407,13865
2023,73,NANS PETERS,AG2R CITROEN TEAM,309528,13986
2023,74,JUAN PEDRO LOPEZ PEREZ,LIDL - TREK,309621,14079
2023,75,PIERRE LATOUR,TOTALENERGIES,309667,14125
2023,76,OLIVER NAESEN,AG2R CITROEN TEAM,309747,14205
2023,77,LILIAN CALMEJANE,INTERMARCHÉ - CIRCUS - WANTY,310045,14503
2023,78,MARCO HALLER,BORA - HANSGROHE,310099,14557
2023,79,JASPER STUYVEN,LIDL - TREK,310146,14604
2023,80,CHRISTOPHE LAPORTE,JUMBO-VISMA,310289,14747
2023,81,STAN DEWULF,AG2R CITROEN TEAM,310404,14862
2023,82,PATRICK KONRAD,BORA - HANSGROHE,310405,14863
2023,83,ALBERTO BETTIOL,EF EDUCATION - EASYPOST,310480,14938
2023,84,G LAWSON CRADDOCK,TEAM JAYCO ALULA,310693,15151
2023,85,JONAS ABRAHAMSEN,UNO-X PRO CYCLING TEAM,310754,15212
2023,86,TONY GALLOPIN,LIDL - TREK,310831,15289
2023,87,KASPER ASGREEN,SOUDAL QUICK-STEP,310851,15309
2023,88,DANIEL OSS,TOTALENERGIES,310921,15379
2023,89,VALENTIN FERRON,TOTALENERGIES,311097,15555
2023,90,CORBIN STRONG,ISRAEL - PREMIER TECH,311223,15681
2023,91,PASCAL EENKHOORN,LOTTO DSTNY,311257,15715
2023,92,ALFRED BROCKWELL WRIGHT,BAHRAIN VICTORIOUS,311313,15771
2023,93,NATHAN VAN HOOYDONCK,JUMBO-VISMA,311386,15844
2023,94,ANTHONY TURGIS,TOTALENERGIES,311404,15862
2023,95,TORSTEIN TRÆEN,UNO-X PRO CYCLING TEAM,311529,15987
2023,96,MAGNUS CORT NIELSEN,EF EDUCATION - EASYPOST,311877,16335
2023,97,JASPER PHILIPSEN,ALPECIN-DECEUNINCK,311908,16366
2023,98,BRYAN COQUARD,COFIDIS,311937,16395
2023,99,ANTHON CHARMIG,UNO-X PRO CYCLING TEAM,312033,16491
2023,100,EDVALD BOASSON-HAGEN,TOTALENERGIES,312220,16678
2023,101,BENOIT COSNEFROY,AG2R CITROEN TEAM,312304,16762
2023,102,VEGARD STAKE LAENGEN,UAE TEAM EMIRATES,312365,16823
2023,103,MIKE TEUNISSEN,INTERMARCHÉ - CIRCUS - WANTY,312437,16895
2023,104,YVES LAMPAERT,SOUDAL QUICK-STEP,312498,16956
2023,105,MADS PEDERSEN,LIDL - TREK,312572,17030
2023,106,RÉMI CAVAGNA,SOUDAL QUICK-STEP,312583,17041
2023,107,MATTEO TRENTIN,UAE TEAM EMIRATES,312616,17074
2023,108,RASMUS TILLER,UNO-X PRO CYCLING TEAM,312740,17198
2023,109,SIMON CLARKE,ISRAEL - PREMIER TECH,312975,17433
2023,110,ANDREY AMADOR,EF EDUCATION - EASYPOST,313189,17647
2023,111,DION SMITH,INTERMARCHÉ - CIRCUS - WANTY,313195,17653
2023,112,LUKA MEZGEC,TEAM JAYCO ALULA,313334,17792
2023,113,QUINTEN HERMANS,ALPECIN-DECEUNINCK,313464,17922
2023,114,JONAS RICKAERT,ALPECIN-DECEUNINCK,313565,18023
2023,115,ALEX KIRSCH,LIDL - TREK,313597,18055
2023,116,DANNY VAN POPPEL,BORA - HANSGROHE,313636,18094
2023,117,JUUL CHRISTOPHER JENSEN,TEAM JAYCO ALULA,313827,18285
2023,118,TIM DECLERCQ,SOUDAL QUICK-STEP,313860,18318
2023,119,DRIES DEVENYNS,SOUDAL QUICK-STEP,313939,18397
2023,120,FLORIAN VERMEERSCH,LOTTO DSTNY,313940,18398
2023,121,NIKIAS ARNDT,BAHRAIN VICTORIOUS,314029,18487
2023,122,SOREN KRAGH ANDERSEN,ALPECIN-DECEUNINCK,314060,18518
2023,123,MIKKEL BJERG,UAE TEAM EMIRATES,314084,18542
2023,124,LAURENT PICHON,TEAM ARKEA - SAMSIC,314146,18604
2023,125,BINIAM GIRMAY,INTERMARCHÉ - CIRCUS - WANTY,314162,18620
2023,126,GUILLAUME BOIVIN,ISRAEL - PREMIER TECH,314203,18661
2023,127,PETER SAGAN,TOTALENERGIES,314399,18857
2023,128,JENTHE BIERMANS,TEAM ARKEA - SAMSIC,314406,18864
2023,129,SILVAN DILLIER,ALPECIN-DECEUNINCK,314448,18906
2023,130,LUKE DURBRIDGE,TEAM JAYCO ALULA,314520,18978
2023,131,OLIVIER LE GAC,GROUPAMA - FDJ,314571,19029
2023,132,LUCA MOZZATO,TEAM ARKEA - SAMSIC,314584,19042
2023,133,MICHAEL GOGL,ALPECIN-DECEUNINCK,314726,19184
2023,134,ALEXANDER KRISTOFF,UNO-X PRO CYCLING TEAM,314973,19431
2023,135,GIANNI MOSCON,ASTANA QAZAQSTAN TEAM,314981,19439
2023,136,JASPER DE BUYST,LOTTO DSTNY,315166,19624
2023,137,DYLAN GROENEWEGEN,TEAM JAYCO ALULA,315183,19641
2023,138,NILS EEKHOFF,TEAM DSM - FIRMENICH,315540,19998
2023,139,JORDI MEEUS,BORA - HANSGROHE,315573,20031
2023,140,SØREN WÆRENSKJOLD,UNO-X PRO CYCLING TEAM,315574,20032
2023,141,ELMAR REINDERS,TEAM JAYCO ALULA,315659,20117
2023,142,AXEL ZINGLE,COFIDIS,315905,20363
2023,143,ADRIEN PETIT,INTERMARCHÉ - CIRCUS - WANTY,316058,20516
2023,144,SAM WELSFORD,TEAM DSM - FIRMENICH,316082,20540
2023,145,JOHN DEGENKOLB,TEAM DSM - FIRMENICH,316191,20649
2023,146,ALEXANDER EDMONDSON,TEAM DSM - FIRMENICH,316221,20679
2023,147,FREDERIK FRISON,LOTTO DSTNY,316862,21320
2023,148,YEVGENIY FEDOROV,ASTANA QAZAQSTAN TEAM,316939,21397
2023,149,CEES BOL,ASTANA QAZAQSTAN TEAM,317006,21464
2023,150,MICHAEL MØRKØV,SOUDAL QUICK-STEP,317573,22031
2024,1,TADEJ POGACAR,UAE TEAM EMIRATES,301136,0
2024,2,JONAS VINGEGAARD HANSEN,TEAM VISMA | LEASE A BIKE,301513,377
2024,3,REMCO EVENEPOEL,SOUDAL QUICK-STEP,301694,558
2024,4,JOAO ALMEIDA,UAE TEAM EMIRATES,302279,1143
2024,5,MIKEL LANDA MEANA,SOUDAL QUICK-STEP,302342,1206
2024,6,ADAM YATES,UAE TEAM EMIRATES,302583,1447
2024,7,CARLOS RODRIGUEZ,INEOS GRENADIERS,302640,1504
2024,8,MATTEO JORGENSON,TEAM VISMA | LEASE A BIKE,302730,1594
2024,9,DEREK JAMES GEE,ISRAEL - PREMIER TECH,302777,1641
2024,10,SANTIAGO BUITRAGO SANCHEZ,BAHRAIN VICTORIOUS,302879,1743
2024,11,GIULIO CICCONE,LIDL-TREK,302978,1842
2024,12,SIMON PHILIP YATES,TEAM JAYCO ALULA,303480,2344
2024,13,GUILLAUME MARTIN GUYONNET,COFIDIS,303765,2629
2024,14,FELIX GALL,DECATHLON AG2R LA MONDIALE TEAM,303908,2772
2024,15,LAURENS DE PLUS,INEOS GRENADIERS,303920,2784
2024,16,STEFF CRAS,TOTALENERGIES,304094,2958
2024,17,RICHARD CARAPAZ,EF EDUCATION - EASYPOST,304100,2964
2024,18,JAI HINDLEY,RED BULL - BORA - HANSGROHE,304560,3424
2024,19,ENRIC MAS NICOLAU,MOVISTAR TEAM,305401,4265
2024,20,LOUIS MEINTJES,INTERMARCHÉ - WANTY,305446,4310
2024,21,WILCO KELDERMAN,TEAM VISMA | LEASE A BIKE,306127,4991
2024,22,JULIEN BERNARD,LIDL-TREK,306971,5835
2024,23,JAVIER ROMO OLIVER,MOVISTAR TEAM,307282,6146
2024,24,CARLOS VERONA QUINTANILLA,LIDL-TREK,307569,6433
2024,25,VALENTIN MADOUAS,GROUPAMA-FDJ,307855,6719
2024,26,ILAN VAN WILDER,SOUDAL QUICK-STEP,308006,6870
2024,27,BEN HEALY,EF EDUCATION - EASYPOST,308108,6972
2024,28,JORDAN JEGAT,TOTALENERGIES,308492,7356
2024,29,EGAN BERNAL GOMEZ,INEOS GRENADIERS,308566,7430
2024,30,ROMAIN BARDET,TEAM DSM-FIRMENICH POSTNL,308601,7465
2024,31,JACK HAIG,BAHRAIN VICTORIOUS,309029,7893
2024,32,PAVEL SIVAKOV,UAE TEAM EMIRATES,309197,8061
2024,33,BRUNO ARMIRAIL,DECATHLON AG2R LA MONDIALE TEAM,309275,8139
2024,34,ODD CHRISTIAN EIKING,UNO-X MOBILITY,309450,8314
2024,35,TOBIAS HALLAND JOHANNESSEN,UNO-X MOBILITY,309633,8497
2024,36,CRISTIAN RODRIGUEZ MARTIN,ARKEA-B&B HOTELS,309955,8819
2024,37,BOB JUNGELS,RED BULL - BORA - HANSGROHE,310081,8945
2024,38,JAKOB FUGLSANG,ISRAEL - PREMIER TECH,310238,9102
2024,39,EDGAR OSCAR ONLEY,TEAM DSM-FIRMENICH POSTNL,310835,9699
2024,40,WARREN BARGUIL,TEAM DSM-FIRMENICH POSTNL,310869,9733
2024,41,ROMAIN GREGOIRE,GROUPAMA-FDJ,310957,9821
2024,42,GERAINT THOMAS,INEOS GRENADIERS,311192,10056
2024,43,WOUT POELS,BAHRAIN VICTORIOUS,311628,10492
2024,44,MARC SOLER,UAE TEAM EMIRATES,311683,10547
2024,45,TOMS SKUJINS,LIDL-TREK,311758,10622
2024,46,QUENTIN PACHER,GROUPAMA-FDJ,312843,11707
2024,47,JOHANNES KULSET,UNO-X MOBILITY,312998,11862
2024,48,NICOLAS PRODHOMME,DECATHLON AG2R LA MONDIALE TEAM,313101,11965
2024,49,TIESJ BENOOT,TEAM VISMA | LEASE A BIKE,313507,12371
2024,50,HUGO HOULE,ISRAEL - PREMIER TECH,313551,12415
2024,51,NELSON OLIVEIRA,MOVISTAR TEAM,313970,12834
2024,52,WOUT VAN AERT,TEAM VISMA | LEASE A BIKE,314092,12956
2024,53,JONATHAN CASTROVIEJO NICOLAS,INEOS GRENADIERS,314094,12958
2024,54,MICHAL KWIATKOWSKI,INEOS GRENADIERS,314130,12994
2024,55,JONAS ABRAHAMSEN,UNO-X MOBILITY,314274,13138
2024,56,GREGOR MÜHLBERGER,MOVISTAR TEAM,314353,13217
2024,57,MAGNUS CORT NIELSEN,UNO-X MOBILITY,314453,13317
2024,58,KÉVIN GENIETS,GROUPAMA-FDJ,314595,13459
2024,59,NEILSON POWLESS,EF EDUCATION - EASYPOST,314660,13524
2024,60,MATTEO SOBRERO,RED BULL - BORA - HANSGROHE,314742,13606
2024,61,JASPER STUYVEN,LIDL-TREK,314795,13659
2024,62,FRANK VAN DEN BROEK,TEAM DSM-FIRMENICH POSTNL,314818,13682
2024,63,MATHIEU BURGAUDEAU,TOTALENERGIES,314833,13697
2024,64,JAN TRATNIK,TEAM VISMA | LEASE A BIKE,314850,13714
2024,65,DAVID GAUDU,GROUPAMA-FDJ,314899,13763
2024,66,KRISTS NEILANDS,ISRAEL - PREMIER TECH,315064,13928
2024,67,JAN HIRT,SOUDAL QUICK-STEP,315176,14040
2024,68,RUI COSTA,EF EDUCATION - EASYPOST,315186,14050
2024,69,KOBE GOOSSENS,INTERMARCHÉ - WANTY,315301,14165
2024,70,BART LEMMEN,TEAM VISMA | LEASE A BIKE,315324,14188
2024,71,ALEX ARANBURU DEVA,MOVISTAR TEAM,315409,14273
2024,72,DAVIDE FORMOLO,MOVISTAR TEAM,315517,14381
2024,73,STEPHEN WILLIAMS,ISRAEL - PREMIER TECH,315533,14397
2024,74,HAROLD TEJADA CANACUE,ASTANA QAZAQSTAN TEAM,315549,14413
2024,75,NILS POLITT,UAE TEAM EMIRATES,315737,14601
2024,76,NANS PETERS,DECATHLON AG2R LA MONDIALE TEAM,315995,14859
2024,77,GEORG ZIMMERMANN,INTERMARCHÉ - WANTY,316015,14879
2024,78,SEAN QUINN,EF EDUCATION - EASYPOST,316174,15038
2024,79,OIER LAZKANO LOPEZ,MOVISTAR TEAM,316177,15041
2024,80,TIM WELLENS,UAE TEAM EMIRATES,316785,15649
2024,81,VICTOR CAMPENAERTS,LOTTO DSTNY,316937,15801
2024,82,DORIAN GODON,DECATHLON AG2R LA MONDIALE TEAM,316943,15807
2024,83,OLIVER NAESEN,DECATHLON AG2R LA MONDIALE TEAM,316959,15823
2024,84,CHRISTOPHE LAPORTE,TEAM VISMA | LEASE A BIKE,317123,15987
2024,85,MARCO HALLER,RED BULL - BORA - HANSGROHE,317148,16012
2024,86,GIANNI MOSCON,SOUDAL QUICK-STEP,317150,16014
2024,87,RYAN GIBBONS,LIDL-TREK,317260,16124
2024,88,PAUL LAPEIRA,DECATHLON AG2R LA MONDIALE TEAM,317270,16134
2024,89,MICHAEL MATTHEWS,TEAM JAYCO ALULA,317339,16203
2024,90,FABIEN GRELLIER,TOTALENERGIES,317556,16420
2024,91,KÉVIN VAUQUELIN,ARKEA-B&B HOTELS,317572,16436
2024,92,THOMAS GACHIGNARD,TOTALENERGIES,317846,16710
2024,93,MIKE TEUNISSEN,INTERMARCHÉ - WANTY,317950,16814
2024,94,SIMON GESCHKE,COFIDIS,317966,16830
2024,95,BRENT VAN MOER,LOTTO DSTNY,318085,16949
2024,96,MATHIEU VAN DER POEL,ALPECIN-DECEUNINCK,318181,17045
2024,97,JUUL CHRISTOPHER JENSEN,TEAM JAYCO ALULA,318248,17112
2024,98,RAUL GARCIA PIERNA,ARKEA-B&B HOTELS,318308,17172
2024,99,AXEL LAURANCE,ALPECIN-DECEUNINCK,318321,17185
2024,100,STEFAN BISSEGGER,EF EDUCATION - EASYPOST,318351,17215
2024,101,CLÉMENT CHAMPOUSSIN,ARKEA-B&B HOTELS,318535,17399
2024,102,CLÉMENT RUSSO,GROUPAMA-FDJ,318620,17484
2024,103,MATTEO VERCHER,TOTALENERGIES,318850,17714
2024,104,BRYAN COQUARD,COFIDIS,318942,17806
2024,105,RASMUS TILLER,UNO-X MOBILITY,318947,17811
2024,106,ANTHONY TURGIS,TOTALENERGIES,319124,17988
2024,107,GIANNI VERMEERSCH,ALPECIN-DECEUNINCK,319263,18127
2024,108,AXEL ZINGLE,COFIDIS,319406,18270
2024,109,MARIJN VAN DEN BERG,EF EDUCATION - EASYPOST,319611,18475
2024,110,NICO DENZ,RED BULL - BORA - HANSGROHE,319628,18492
2024,111,NIKIAS ARNDT,BAHRAIN VICTORIOUS,319644,18508
2024,112,PASCAL ACKERMANN,ISRAEL - PREMIER TECH,319750,18614
2024,113,BINIAM GIRMAY,INTERMARCHÉ - WANTY,319903,18767
2024,114,PIET ALLEGAERT,COFIDIS,320110,18974
2024,115,BEN TURNER,INEOS GRENADIERS,320167,19031
2024,116,LUKA MEZGEC,TEAM JAYCO ALULA,320182,19046
2024,117,HUGO PAGE,INTERMARCHÉ - WANTY,320215,19079
2024,118,LAURENZ REX,INTERMARCHÉ - WANTY,320236,19100
2024,119,ARNAUD DE LIE,LOTTO DSTNY,320332,19196
2024,120,DANNY VAN POPPEL,RED BULL - BORA - HANSGROHE,320472,19336
2024,121,CEDRIC BEULLENS,LOTTO DSTNY,320533,19397
2024,122,JOHN DEGENKOLB,TEAM DSM-FIRMENICH POSTNL,320584,19448
2024,123,LUKE DURBRIDGE,TEAM JAYCO ALULA,320733,19597
2024,124,LENNY MARTINEZ,GROUPAMA-FDJ,320741,19605
2024,125,YVES LAMPAERT,SOUDAL QUICK-STEP,320807,19671
2024,126,SILVAN DILLIER,ALPECIN-DECEUNINCK,321017,19881
2024,127,MATEJ MOHORIC,BAHRAIN VICTORIOUS,321138,20002
2024,128,JASPER PHILIPSEN,ALPECIN-DECEUNINCK,321209,20073
2024,129,SÉBASTIEN GRIGNARD,LOTTO DSTNY,321348,20212
2024,130,HARM VANHOUCKE,LOTTO DSTNY,321367,20231
2024,131,ALEXANDER KRISTOFF,UNO-X MOBILITY,321518,20382
2024,132,SANDY DUJARDIN,TOTALENERGIES,321594,20458
2024,133,SØREN WÆRENSKJOLD,UNO-X MOBILITY,321920,20784
2024,134,ROBBE GHYS,ALPECIN-DECEUNINCK,322450,21314
2024,135,DYLAN GROENEWEGEN,TEAM JAYCO ALULA,322597,21461
2024,136,DANIEL MCLAY,ARKEA-B&B HOTELS,322624,21488
2024,137,LUCA MOZZATO,ARKEA-B&B HOTELS,322712,21576
2024,138,CEES BOL,ASTANA QAZAQSTAN TEAM,323227,22091
2024,139,JARRAD ERIKS DRIZNERS,LOTTO DSTNY,323477,22341
2024,140,DAVIDE BALLERINI,ASTANA QAZAQSTAN TEAM,324102,22966
2024,141,MARK CAVENDISH,ASTANA QAZAQSTAN TEAM,324127,22991
2025,1,TADEJ POGACAR,UAE TEAM EMIRATES XRG,273632,0
2025,2,JONAS VINGEGAARD HANSEN,TEAM VISMA | LEASE A BIKE,273896,264
2025,3,FLORIAN LIPOWITZ,RED BULL - BORA - HANSGROHE,274292,660
2025,4,EDGAR OSCAR ONLEY,TEAM PICNIC POSTNL,274364,732
2025,5,FELIX GALL,DECATHLON AG2R LA MONDIALE TEAM,274664,1032
2025,6,TOBIAS HALLAND JOHANNESSEN,UNO-X MOBILITY,274846,1214
2025,7,KÉVIN VAUQUELIN,ARKEA-B&B HOTELS,274987,1355
2025,8,PRIMOZ ROGLIC,RED BULL - BORA - HANSGROHE,275162,1530
2025,9,BEN HEALY,EF EDUCATION - EASYPOST,275314,1682
2025,10,JORDAN JEGAT,TOTALENERGIES,275594,1962
2025,11,BEN ALEXANDER O'CONNOR,TEAM JAYCO ALULA,275706,2074
2025,12,THYMEN ARENSMAN,INEOS GRENADIERS,276793,3161
2025,13,JHONATAN MANUEL NARVAEZ PRADO,UAE TEAM EMIRATES XRG,277508,3876
2025,14,SERGIO ANDRES HIGUITA GARCIA,XDS ASTANA TEAM,277731,4099
2025,15,SIMON PHILIP YATES,TEAM VISMA | LEASE A BIKE,278282,4650
2025,16,GUILLAUME MARTIN GUYONNET,GROUPAMA-FDJ,278319,4687
2025,17,SEPP KUSS,TEAM VISMA | LEASE A BIKE,278456,4824
2025,18,GREGOR MÜHLBERGER,MOVISTAR TEAM,278929,5297
2025,19,MATTEO JORGENSON,TEAM VISMA | LEASE A BIKE,279000,5368
2025,20,CRISTIAN RODRIGUEZ MARTIN,ARKEA-B&B HOTELS,279407,5775
2025,21,VALENTIN MADOUAS,GROUPAMA-FDJ,279618,5986
2025,22,XANDRO MEURISSE,ALPECIN-DECEUNINCK,279858,6226
2025,23,WARREN BARGUIL,TEAM PICNIC POSTNL,280121,6489
2025,24,ADAM YATES,UAE TEAM EMIRATES XRG,280153,6521
2025,25,AURÉLIEN PARET PEINTRE,DECATHLON AG2R LA MONDIALE TEAM,281604,7972
2025,26,RAUL GARCIA PIERNA,ARKEA-B&B HOTELS,281790,8158
2025,27,ALEKSANDR VLASOV,RED BULL - BORA - HANSGROHE,281807,8175
2025,28,VICTOR CAMPENAERTS,TEAM VISMA | LEASE A BIKE,282068,8436
2025,29,MARC SOLER,UAE TEAM EMIRATES XRG,282093,8461
2025,30,EMANUEL BUCHMANN,COFIDIS,282126,8494
2025,31,EINER AUGUSTO RUBIO REYES,MOVISTAR TEAM,282148,8516
2025,32,ILAN VAN WILDER,SOUDAL QUICK-STEP,282226,8594
2025,33,CALLUM SCOTSON,DECATHLON AG2R LA MONDIALE TEAM,282372,8740
2025,34,ROMAIN GREGOIRE,GROUPAMA-FDJ,282390,8758
2025,35,HARRISON WILLIAM SWEENY,EF EDUCATION - EASYPOST,282510,8878
2025,36,CLÉMENT BERTHET,DECATHLON AG2R LA MONDIALE TEAM,282802,9170
2025,37,TIM WELLENS,UAE TEAM EMIRATES XRG,283136,9504
2025,38,SIMONE VELASCO,XDS ASTANA TEAM,283323,9691
2025,39,FRANK VAN DEN BROEK,TEAM PICNIC POSTNL,283576,9944
2025,40,SANTIAGO BUITRAGO SANCHEZ,BAHRAIN VICTORIOUS,283580,9948
2025,41,VALENTIN PARET PEINTRE,SOUDAL QUICK-STEP,283657,10025
2025,42,MICHAEL STORER,TUDOR PRO CYCLING TEAM,283883,10251
2025,43,CLEMENT VENTURINI,ARKEA-B&B HOTELS,283991,10359
2025,44,HAROLD TEJADA CANACUE,XDS ASTANA TEAM,284106,10474
2025,45,QUENTIN PACHER,GROUPAMA-FDJ,284192,10560
2025,46,ALEX BAUDIN,EF EDUCATION - EASYPOST,284207,10575
2025,47,NEILSON POWLESS,EF EDUCATION - EASYPOST,284364,10732
2025,48,PETER JOSEPH BLACKMORE,ISRAEL - PREMIER TECH,284376,10744
2025,49,PASCAL EENKHOORN,SOUDAL QUICK-STEP,284457,10825
2025,50,BRUNO ARMIRAIL,DECATHLON AG2R LA MONDIALE TEAM,284624,10992
2025,51,EWEN COSTIOU,ARKEA-B&B HOTELS,284827,11195
2025,52,MICHAEL RUSSELL WOODS,ISRAEL - PREMIER TECH,284851,11219
2025,53,AXEL LAURANCE,INEOS GRENADIERS,285042,11410
2025,54,TIESJ BENOOT,TEAM VISMA | LEASE A BIKE,285051,11419
2025,55,ALEXANDRE DELETTRE,TOTALENERGIES,285180,11548
2025,56,JULIAN ALAPHILIPPE,TUDOR PRO CYCLING TEAM,285232,11600
2025,57,ANDREAS LEKNESSUND,UNO-X MOBILITY,285316,11684
2025,58,GERAINT THOMAS,INEOS GRENADIERS,285329,11697
2025,59,QUINN SIMMONS,LIDL-TREK,285488,11856
2025,60,THOMAS GACHIGNARD,TOTALENERGIES,285826,12194
2025,61,MATHIS LE BERRE,ARKEA-B&B HOTELS,285960,12328
2025,62,JASPER STUYVEN,LIDL-TREK,286003,12371
2025,63,MATHIEU BURGAUDEAU,TOTALENERGIES,286010,12378
2025,64,MARKUS HOELGAARD,UNO-X MOBILITY,286021,12389
2025,65,EMIEL VERSTRYNGE,ALPECIN-DECEUNINCK,286113,12481
2025,66,JENNO BERCKMOES,LOTTO,286424,12792
2025,67,WOUT VAN AERT,TEAM VISMA | LEASE A BIKE,286468,12836
2025,68,MAXIMILIAN SCHACHMANN,SOUDAL QUICK-STEP,286533,12901
2025,69,ION IZAGIRRE INSAUSTI,COFIDIS,286534,12902
2025,70,TOBIAS SVENDSEN FOSS,INEOS GRENADIERS,286547,12915
2025,71,JONAS ABRAHAMSEN,UNO-X MOBILITY,286613,12981
2025,72,MICHAEL VALGREN,EF EDUCATION - EASYPOST,286653,13021
2025,73,OLIVER NAESEN,DECATHLON AG2R LA MONDIALE TEAM,286800,13168
2025,74,NELSON OLIVEIRA,MOVISTAR TEAM,286895,13263
2025,75,NILS POLITT,UAE TEAM EMIRATES XRG,287117,13485
2025,76,ANDERS HALLAND JOHANNESSEN,UNO-X MOBILITY,287194,13562
2025,77,BASTIEN TRONCHON,DECATHLON AG2R LA MONDIALE TEAM,287228,13596
2025,78,MARC HIRSCHI,TUDOR PRO CYCLING TEAM,287349,13717
2025,79,LENNY MARTINEZ,BAHRAIN VICTORIOUS,287377,13745
2025,80,MIKE TEUNISSEN,XDS ASTANA TEAM,287400,13768
2025,81,ALEX ARANBURU DEVA,COFIDIS,287401,13769
2025,82,LOUIS BARRE,INTERMARCHÉ - WANTY,287526,13894
2025,83,MARIUS MAYRHOFER,TUDOR PRO CYCLING TEAM,287630,13998
2025,84,BRENT VAN MOER,LOTTO,287631,13999
2025,85,CLÉMENT CHAMPOUSSIN,XDS ASTANA TEAM,287639,14007
2025,86,KADEN GROVES,ALPECIN-DECEUNINCK,287641,14009
2025,87,PAVEL SIVAKOV,UAE TEAM EMIRATES XRG,287691,14059
2025,88,KRISTS NEILANDS,ISRAEL - PREMIER TECH,287697,14065
2025,89,LAURENCE PITHIE,RED BULL - BORA - HANSGROHE,287716,14084
2025,90,DYLAN TEUNS,COFIDIS,287780,14148
2025,91,KASPER ASGREEN,EF EDUCATION - EASYPOST,287937,14305
2025,92,ALEXEY LUTSENKO,ISRAEL - PREMIER TECH,288024,14392
2025,93,CLÉMENT RUSSO,GROUPAMA-FDJ,288136,14504
2025,94,DAMIEN TOUZE,COFIDIS,288140,14508
2025,95,TOMS SKUJINS,LIDL-TREK,288288,14656
2025,96,TOBIAS LUND LUND ANDRESEN,TEAM PICNIC POSTNL,288443,14811
2025,97,MARCO HALLER,TUDOR PRO CYCLING TEAM,288596,14964
2025,98,JONAS RICKAERT,ALPECIN-DECEUNINCK,288709,15077
2025,99,MATTEO TRENTIN,TUDOR PRO CYCLING TEAM,288783,15151
2025,100,MATIS LOUVEL,ISRAEL - PREMIER TECH,288813,15181
2025,101,MAURO SCHMID,TEAM JAYCO ALULA,288872,15240
2025,102,WILLIAM BARTA,MOVISTAR TEAM,289239,15607
2025,103,GIANNI VERMEERSCH,ALPECIN-DECEUNINCK,289381,15749
2025,104,ALFRED BROCKWELL WRIGHT,BAHRAIN VICTORIOUS,289404,15772
2025,105,GIANNI MOSCON,RED BULL - BORA - HANSGROHE,289888,16256
2025,106,ANTHONY TURGIS,TOTALENERGIES,289950,16318
2025,107,IVAN ROMEO ABAD,MOVISTAR TEAM,290061,16429
2025,108,THOMAS JAKE STEWART,ISRAEL - PREMIER TECH,290229,16597
2025,109,CONNOR SWIFT,INEOS GRENADIERS,290462,16830
2025,110,PABLO CASTRILLO ZAPATER,MOVISTAR TEAM,290603,16971
2025,111,PAUL PENHOET,GROUPAMA-FDJ,290716,17084
2025,112,NIKLAS MÄRKL,TEAM PICNIC POSTNL,290815,17183
2025,113,MICK VAN DIJKE,RED BULL - BORA - HANSGROHE,290842,17210
2025,114,VINCENZO ALBANESE,EF EDUCATION - EASYPOST,290932,17300
2025,115,SAMUEL WATSON,INEOS GRENADIERS,291046,17414
2025,116,THIBAU NYS,LIDL-TREK,291074,17442
2025,117,IVAN GARCIA CORTINA,MOVISTAR TEAM,291230,17598
2025,118,EDOARDO AFFINI,TEAM VISMA | LEASE A BIKE,291325,17693
2025,119,ALBERTO DAINESE,TUDOR PRO CYCLING TEAM,291423,17791
2025,120,TIM NABERMAN,TEAM PICNIC POSTNL,291635,18003
2025,121,LUCAS PLAPP,TEAM JAYCO ALULA,291786,18154
2025,122,EDUARDO SEPULVEDA,LOTTO,291806,18174
2025,123,ROBERT STANNARD,BAHRAIN VICTORIOUS,291842,18210
2025,124,MATTEO VERCHER,TOTALENERGIES,292025,18393
2025,125,PASCAL ACKERMANN,ISRAEL - PREMIER TECH,292229,18597
2025,126,MATEJ MOHORIC,BAHRAIN VICTORIOUS,292245,18613
2025,127,LEWIS ASKEY,GROUPAMA-FDJ,292272,18640
2025,128,JONAS RUTSCH,INTERMARCHÉ - WANTY,292299,18667
2025,129,JARRAD ERIKS DRIZNERS,LOTTO,292309,18677
2025,130,MAGNUS CORT NIELSEN,UNO-X MOBILITY,292343,18711
2025,131,SILVAN DILLIER,ALPECIN-DECEUNINCK,292484,18852
2025,132,BINIAM GIRMAY,INTERMARCHÉ - WANTY,292527,18895
2025,133,PAVEL BITTNER,TEAM PICNIC POSTNL,292696,19064
2025,134,SEAN FLYNN,TEAM PICNIC POSTNL,292725,19093
2025,135,DAVIDE BALLERINI,XDS ASTANA TEAM,292854,19222
2025,136,AMAURY CAPIOT,ARKEA-B&B HOTELS,292990,19358
2025,137,LUKE DURBRIDGE,TEAM JAYCO ALULA,293033,19401
2025,138,HUGO PAGE,INTERMARCHÉ - WANTY,293095,19463
2025,139,STIAN EDVARDSEN-FREDHEIM,UNO-X MOBILITY,293233,19601
2025,140,ELMAR REINDERS,TEAM JAYCO ALULA,293362,19730
2025,141,LAURENZ REX,INTERMARCHÉ - WANTY,293388,19756
2025,142,ARNAUD DE LIE,LOTTO,293407,19775
2025,143,VITO BRAET,INTERMARCHÉ - WANTY,293556,19924
2025,144,SÉBASTIEN GRIGNARD,LOTTO,293660,20028
2025,145,ALEXIS RENARD,COFIDIS,293728,20096
2025,146,JONATHAN MILAN,LIDL-TREK,293767,20135
2025,147,BERT VAN LERBERGHE,SOUDAL QUICK-STEP,293839,20207
2025,148,TIM MERLIER,SOUDAL QUICK-STEP,293871,20239
2025,149,GUILLAUME BOIVIN,ISRAEL - PREMIER TECH,293896,20264
2025,150,DYLAN GROENEWEGEN,TEAM JAYCO ALULA,293936,20304
2025,151,PHIL BAUHAUS,BAHRAIN VICTORIOUS,294001,20369
2025,152,LUKA MEZGEC,TEAM JAYCO ALULA,294040,20408
2025,153,ARNAUD DEMARE,ARKEA-B&B HOTELS,294067,20435
2025,154,BENJAMIN THOMAS,COFIDIS,294108,20476
2025,155,KAMIL GRADEK,BAHRAIN VICTORIOUS,294263,20631
2025,156,ROEL VAN SINTMAARTENSDIJK,INTERMARCHÉ - WANTY,294283,20651
2025,157,FABIAN LIENHARD,TUDOR PRO CYCLING TEAM,294392,20760
2025,158,JORDI MEEUS,RED BULL - BORA - HANSGROHE,294537,20905
2025,159,EDWARD THEUNS,LIDL-TREK,294717,21085
2025,160,SIMONE CONSONNI,LIDL-TREK,294732,21100
2026,1,TADEJ POGACAR,UAE TEAM EMIRATES XRG,266186,0
2026,2,REMCO EVENEPOEL,RED BULL - BORA - HANSGROHE,266572,386
2026,3,ISAAC DEL TORO ROMERO,UAE TEAM EMIRATES XRG,266768,582
2026,4,PAUL SEIXAS,DECATHLON CMA CGM TEAM,266902,716
2026,5,LENNY MARTINEZ,BAHRAIN VICTORIOUS,266968,782
2026,6,MATTIAS SKJELMOSE,LIDL-TREK,267085,899
2026,7,JUAN AYUSO PESQUERA,LIDL-TREK,267254,1068
2026,8,RICHARD CARAPAZ,EF EDUCATION - EASYPOST,267386,1200
2026,9,TOM PIDCOCK,PINARELLO-Q36.5 PRO CYCLING TEAM,267954,1768
2026,10,JORDAN JEGAT,TOTALENERGIES,268187,2001
2026,11,YANNIS VOISARD,TUDOR PRO CYCLING TEAM,268468,2282
2026,12,TOBIAS HALLAND JOHANNESSEN,UNO-X MOBILITY,269583,3397
2026,13,SEPP KUSS,TEAM VISMA | LEASE A BIKE,269929,3743
2026,14,DAVIDE PIGANZOLI,TEAM VISMA | LEASE A BIKE,270009,3823
2026,15,JAI HINDLEY,RED BULL - BORA - HANSGROHE,271194,5008
2026,16,NICOLAS PRODHOMME,DECATHLON CMA CGM TEAM,271287,5101
2026,17,TIESJ BENOOT,DECATHLON CMA CGM TEAM,271762,5576
2026,18,QUINN SIMMONS,LIDL-TREK,271914,5728
2026,19,SEAN QUINN,EF EDUCATION - EASYPOST,272611,6425
2026,20,EGAN BERNAL GOMEZ,NETCOMPANY INEOS CYCLING TEAM,272664,6478
2026,21,ADAM YATES,UAE TEAM EMIRATES XRG,272905,6719
2026,22,THYMEN ARENSMAN,NETCOMPANY INEOS CYCLING TEAM,273548,7362
2026,23,CARLOS VERONA QUINTANILLA,LIDL-TREK,273708,7522
2026,24,MATTHEW RICCITELLO,DECATHLON CMA CGM TEAM,274055,7869
2026,25,DEREK JAMES GEE,LIDL-TREK,274165,7979
2026,26,HAROLD TEJADA CANACUE,XDS ASTANA TEAM,274573,8387
2026,27,MAXIM VAN GILS,RED BULL - BORA - HANSGROHE,274835,8649
2026,28,BEN ALEXANDER O'CONNOR,TEAM JAYCO ALULA,275284,9098
2026,29,PABLO CASTRILLO ZAPATER,MOVISTAR TEAM,275289,9103
2026,30,MATTEO JORGENSON,TEAM VISMA | LEASE A BIKE,275395,9209
2026,31,GUILLAUME MARTIN GUYONNET,GROUPAMA-FDJ UNITED,275441,9255
2026,32,FELIX GROSSSCHARTNER,UAE TEAM EMIRATES XRG,275988,9802
2026,33,MATTIA CATTANEO,RED BULL - BORA - HANSGROHE,276465,10279
2026,34,RAUL GARCIA PIERNA,MOVISTAR TEAM,276538,10352
2026,35,MAURO SCHMID,TEAM JAYCO ALULA,276595,10409
2026,36,KÉVIN VAUQUELIN,NETCOMPANY INEOS CYCLING TEAM,277063,10877
2026,37,ANTONIO TIBERI,BAHRAIN VICTORIOUS,277218,11032
2026,38,SERGIO ANDRES HIGUITA GARCIA,XDS ASTANA TEAM,277261,11075
2026,39,QUINTEN HERMANS,PINARELLO-Q36.5 PRO CYCLING TEAM,277309,11123
2026,40,CLÉMENT BRAZ AFONSO,GROUPAMA-FDJ UNITED,277369,11183
2026,41,LENNERT VAN EETVELT,LOTTO INTERMARCHE,277488,11302
2026,42,AURÉLIEN PARET PEINTRE,DECATHLON CMA CGM TEAM,277494,11308
2026,43,TOBIAS SVENDSEN FOSS,NETCOMPANY INEOS CYCLING TEAM,277495,11309
2026,44,VALENTIN PARET PEINTRE,SOUDAL QUICK-STEP,277547,11361
2026,45,ION IZAGIRRE INSAUSTI,COFIDIS,277599,11413
2026,46,ALEX BAUDIN,EF EDUCATION - EASYPOST,277687,11501
2026,47,ABEL BALDERSTONE ROUMENS,CAJA RURAL-SEGUROS RGA,278452,12266
2026,48,MARC HIRSCHI,TUDOR PRO CYCLING TEAM,278785,12599
2026,49,MATHIAS VACEK,LIDL-TREK,279062,12876
2026,50,NICOLAS BREUILLARD,TOTALENERGIES,279062,12876
2026,51,JORIS DELBOVE,TOTALENERGIES,279212,13026
2026,52,MICHAEL MATTHEWS,TEAM JAYCO ALULA,279241,13055
2026,53,MICHAEL VALGREN,EF EDUCATION - EASYPOST,279335,13149
2026,54,JAVIER ROMO OLIVER,MOVISTAR TEAM,279495,13309
2026,55,DAMIANO CARUSO,BAHRAIN VICTORIOUS,279789,13603
2026,56,XANDRO MEURISSE,PINARELLO-Q36.5 PRO CYCLING TEAM,279939,13753
2026,57,ROMAIN GREGOIRE,GROUPAMA-FDJ UNITED,279986,13800
2026,58,QUENTIN PACHER,GROUPAMA-FDJ UNITED,280015,13829
2026,59,BEN HEALY,EF EDUCATION - EASYPOST,280049,13863
2026,60,ANDERS SKAARSETH,UNO-X MOBILITY,280773,14587
2026,61,ALEXANDRE DELETTRE,TOTALENERGIES,280782,14596
2026,62,BRUNO ARMIRAIL,TEAM VISMA | LEASE A BIKE,280792,14606
2026,63,MICHAEL STORER,TUDOR PRO CYCLING TEAM,281283,15097
2026,64,ANDERS HALLAND JOHANNESSEN,UNO-X MOBILITY,281468,15282
2026,65,NELSON OLIVEIRA,MOVISTAR TEAM,281662,15476
2026,66,VLAD VAN MECHELEN,BAHRAIN VICTORIOUS,281673,15487
2026,67,LOUIS VERVAEKE,SOUDAL QUICK-STEP,281704,15518
2026,68,GEORGE BENNETT,NSN CYCLING TEAM,281708,15522
2026,69,CLÉMENT RUSSO,GROUPAMA-FDJ UNITED,281811,15625
2026,70,FELIX ENGELHARDT,TEAM JAYCO ALULA,281937,15751
2026,71,JASPER STUYVEN,SOUDAL QUICK-STEP,281955,15769
2026,72,NILS POLITT,UAE TEAM EMIRATES XRG,281996,15810
2026,73,RICK PLUIMERS,TUDOR PRO CYCLING TEAM,282057,15871
2026,74,TIM WELLENS,UAE TEAM EMIRATES XRG,282114,15928
2026,75,MATHIEU VAN DER POEL,ALPECIN-PREMIER TECH,282174,15988
2026,76,MATHIS LE BERRE,TOTALENERGIES,282195,16009
2026,77,JONAS ABRAHAMSEN,UNO-X MOBILITY,282409,16223
2026,78,MARCO FRIGO,NSN CYCLING TEAM,282510,16324
2026,79,EWEN COSTIOU,GROUPAMA-FDJ UNITED,282529,16343
2026,80,MADS PEDERSEN,LIDL-TREK,282571,16385
2026,81,BRENT VAN MOER,PINARELLO-Q36.5 PRO CYCLING TEAM,282580,16394
2026,82,VICTOR CAMPENAERTS,TEAM VISMA | LEASE A BIKE,282643,16457
2026,83,JAN TRATNIK,RED BULL - BORA - HANSGROHE,282650,16464
2026,84,KASPER ASGREEN,EF EDUCATION - EASYPOST,282723,16537
2026,85,ALEX ARANBURU DEVA,COFIDIS,282861,16675
2026,86,MATTEO VERCHER,TOTALENERGIES,282910,16724
2026,87,WARREN BARGUIL,TEAM PICNIC POSTNL,282989,16803
2026,88,DAMIEN CRAIG HOWSON,PINARELLO-Q36.5 PRO CYCLING TEAM,283084,16898
2026,89,SEBASTIAN BERWICK,CAJA RURAL-SEGUROS RGA,283230,17044
2026,90,GEORG ZIMMERMANN,LOTTO INTERMARCHE,283247,17061
2026,91,LUCAS PLAPP,TEAM JAYCO ALULA,283256,17070
2026,92,MATEJ MOHORIC,BAHRAIN VICTORIOUS,283256,17070
2026,93,LORENZO GERMANI,GROUPAMA-FDJ UNITED,283484,17298
2026,94,TOMS SKUJINS,LIDL-TREK,283565,17379
2026,95,NICO DENZ,RED BULL - BORA - HANSGROHE,283722,17536
2026,96,EMIEL VERSTRYNGE,ALPECIN-PREMIER TECH,284017,17831
2026,97,MAGNUS CORT NIELSEN,UNO-X MOBILITY,284063,17877
2026,98,NICOLYA VINOKUROV,XDS ASTANA TEAM,284258,18072
2026,99,XABIER AZPARREN IRURZUN,PINARELLO-Q36.5 PRO CYCLING TEAM,284360,18174
2026,100,SIMONE VELASCO,XDS ASTANA TEAM,284441,18255
2026,101,JEFFERSON CEPEDA,MOVISTAR TEAM,284468,18282
2026,102,FRANK VAN DEN BROEK,TEAM PICNIC POSTNL,284642,18456
2026,103,PER STRAND HAGENES,TEAM VISMA | LEASE A BIKE,284651,18465
2026,104,MICHEL HEßMANN,MOVISTAR TEAM,284874,18688
2026,105,ROBERT STANNARD,BAHRAIN VICTORIOUS,284978,18792
2026,106,MAX WALKER,EF EDUCATION - EASYPOST,284985,18799
2026,107,LUKE DURBRIDGE,TEAM JAYCO ALULA,284992,18806
2026,108,ANTHONY TURGIS,TOTALENERGIES,285081,18895
2026,109,THIBAULT GUERNALEC,TOTALENERGIES,285113,18927
2026,110,MICHAL KWIATKOWSKI,NETCOMPANY INEOS CYCLING TEAM,285125,18939
2026,111,TIM VAN DIJKE,RED BULL - BORA - HANSGROHE,285189,19003
2026,112,JAKUB OTRUBA,CAJA RURAL-SEGUROS RGA,285229,19043
2026,113,GEORG STEINHAUSER,EF EDUCATION - EASYPOST,285365,19179
2026,114,EDWARD PLANCKAERT,ALPECIN-PREMIER TECH,285644,19458
2026,115,JONAS RICKAERT,ALPECIN-PREMIER TECH,285665,19479
2026,116,FLORIAN VERMEERSCH,UAE TEAM EMIRATES XRG,285795,19609
2026,117,BENJAMIN THOMAS,COFIDIS,285811,19625
2026,118,ROBBE DHONDT,TEAM PICNIC POSTNL,285822,19636
2026,119,HUGO PAGE,COFIDIS,285862,19676
2026,120,JOSHUA MICHAEL TARLING,NETCOMPANY INEOS CYCLING TEAM,285894,19708
2026,121,AARON MURRAY GATE,XDS ASTANA TEAM,285922,19736
2026,122,ALEX KIRSCH,COFIDIS,285991,19805
2026,123,FILIPPO GANNA,NETCOMPANY INEOS CYCLING TEAM,286046,19860
2026,124,MIKE TEUNISSEN,XDS ASTANA TEAM,286104,19918
2026,125,JULIAN ALAPHILIPPE,TUDOR PRO CYCLING TEAM,286173,19987
2026,126,STEFANO OLDANI,CAJA RURAL-SEGUROS RGA,286200,20014
2026,127,ALFRED BROCKWELL WRIGHT,PINARELLO-Q36.5 PRO CYCLING TEAM,286367,20181
2026,128,LIAM SLOCK,LOTTO INTERMARCHE,286386,20200
2026,129,JOEL NICOLAU BELTRAN,CAJA RURAL-SEGUROS RGA,286413,20227
2026,130,DAAN HOOLE,DECATHLON CMA CGM TEAM,286470,20284
2026,131,DYLAN VAN BAARLE,SOUDAL QUICK-STEP,286519,20333
2026,132,HUUB ARTZ,LOTTO INTERMARCHE,286740,20554
2026,133,TIM MARSMAN,ALPECIN-PREMIER TECH,286777,20591
2026,134,KRISTS NEILANDS,NSN CYCLING TEAM,286824,20638
2026,135,JASPER PHILIPSEN,ALPECIN-PREMIER TECH,286861,20675
2026,136,DORIAN GODON,NETCOMPANY INEOS CYCLING TEAM,287000,20814
2026,137,SILVAN DILLIER,ALPECIN-PREMIER TECH,287102,20916
2026,138,SØREN WÆRENSKJOLD,UNO-X MOBILITY,287104,20918
2026,139,NIKLAS MÄRKL,TEAM PICNIC POSTNL,287277,21091
2026,140,PAVEL BITTNER,TEAM PICNIC POSTNL,287297,21111
2026,141,BINIAM GIRMAY,NSN CYCLING TEAM,287446,21260
2026,142,MAX KANTER,XDS ASTANA TEAM,287515,21329
2026,143,PASCAL EENKHOORN,SOUDAL QUICK-STEP,287624,21438
2026,144,JENTHE BIERMANS,COFIDIS,287890,21704
2026,145,JOHN DEGENKOLB,TEAM PICNIC POSTNL,287890,21704
2026,146,BAPTISTE VEISTROFFER,LOTTO INTERMARCHE,287920,21734
2026,147,MARCO HALLER,TUDOR PRO CYCLING TEAM,287926,21740
2026,148,MILAN FRETIN,COFIDIS,288156,21970
2026,149,OLAV KOOIJ,DECATHLON CMA CGM TEAM,288344,22158
2026,150,THOMAS JAKE STEWART,NSN CYCLING TEAM,288433,22247
2026,151,LEWIS ASKEY,NSN CYCLING TEAM,288434,22248
2026,152,DAVIDE BALLERINI,XDS ASTANA TEAM,288468,22282
2026,153,PIET ALLEGAERT,COFIDIS,288528,22342
2026,154,PHIL BAUHAUS,BAHRAIN VICTORIOUS,288615,22429
2026,155,KAMIL GRADEK,BAHRAIN VICTORIOUS,288758,22572
2026,156,JULIUS VAN DEN BERG,TEAM PICNIC POSTNL,288832,22646
2026,157,MATIS LOUVEL,NSN CYCLING TEAM,288842,22656
2026,158,CEES BOL,DECATHLON CMA CGM TEAM,289114,22928
